Ip,0,1,2,3,4,5,6,7,8,9,10,11,12,13,14,15,16,17,18,19,20,21,22,23,24
0.0,0.0,0.0,0.0,0.0,0.0,0.0,0.0,0.0,0.0,0.0,0.0,0.0,0.0,0.0,0.0,0.0,0.0,0.0,0.0,0.0,0.0,0.0,0.0,0.0,0.0
100000.0,100013.1321671675,-1057379.4924520405,100024.96918514476,99940.97968712317,99962.03399970733,99959.47418661596,100002.87782153432,99970.4544809741,99945.26018813555,100062.77043749225,-1057407.95402871,99955.9904925521,99974.87024572973,99995.81891050992,100012.70080257778,99996.42470144649,99998.87178830284,-1057402.7987968365,-1057407.9150711044,100004.99001689239,99912.00733122534,100037.23487963667,100010.22195311177,99930.1928784951,99999.51816398895
200000.0,200020.16939102375,-957357.3967369449,200038.49657032135,199893.43201497817,199924.62305855402,199930.16045036522,200005.53500731222,199938.99895620992,199873.55550553842,200082.83917103088,-957408.4428810397,199922.557292351,199943.51600285954,199990.69405678456,200018.51205456266,199990.0278969255,199998.0401901898,-957400.2419222877,-957408.3960807397,200006.9285771216,199818.29935293697,200062.75377403572,200018.69561827654,199869.82673978346,199999.04178603133
300000.0,300019.602134663,-857348.6818144692,300037.93674727075,299856.4824124084,299891.7114507814,299908.21342959726,300006.1227073776,299909.8279943509,299798.5761379842,300062.3661906848,-857408.9191873721,299897.03192906635,299911.5514415042,299985.4631555478,300017.05309562245,299982.28024095687,299997.3070762636,-857400.5385841567,-857408.8660155637,300005.800164275,299731.49020451115,300070.2537463061,300021.261271252,299820.8084084804,299998.5655187845
400000.0,400012.0457601421,-757357.1351520212,400024.48885477835,399824.5484538869,399864.06161474186,399886.3712836522,400003.57482818764,399884.5596009925,399729.7291755319,400011.9239349548,-757409.4585147584,399872.96344883717,399882.57910621073,399980.65295542014,400009.54174674104,399974.5089502465,399996.3812464406,-757403.6208244022,-757409.3615351674,400002.21117909515,399656.5417735927,400058.24472619494,400015.77512443153,399778.8276667825,399998.090133034
500000.0,499999.9796039015,-657381.576176516,500002.70939078566,499790.20976089337,499839.7546682038,499856.94804987445,499997.96317756653,499862.1608391964,499670.16355558357,499947.21905120905,-657410.1469736822,499842.89029763057,499857.45176420663,499976.34841878834,499998.4195706259,499967.5197130955,499994.9762822782,-657408.6022725306,-657409.9339683314,499997.2147426923,499590.62858882686,500030.4570519255,500002.8047552791,499735.8147062287,499997.6188880213
600000.0,599986.9443567666,-557416.0619721587,599979.0645826372,599747.5942246473,599815.5214474719,599815.016720391,599990.4903571982,599839.7664114985,599616.9371529272,599884.6301023414,-557411.0534773101,599801.4865579153,599834.4762982851,599972.2180603271,599986.6742813508,599961.410701098,599992.9175629179,-557414.0780291101,-557410.6354834816,599992.0321120238,599525.5907633884,599994.8068936379,599985.4897870749,599683.648741917,599997.1513397157
700000.0,699976.4409755392,-457451.4438561482,699959.9565403636,699695.2067748993,699788.4572061871,699760.7998105716,699983.1240132275,699814.1263001475,699563.2196962778,699836.8158540371,-457412.20141532784,699748.1080518102,699810.4792109667,699967.6887447494,699977.046905669,699955.634441228,699990.2269384493,-457418.57992756885,-457411.50089683896,699987.7456095126,699452.1712020951,699961.2112858999,699968.6108320081,699617.9570894702,699996.6774917791
800000.0,799970.8612388427,-357477.8460495007,799949.8077566184,799637.3038808005,799757.5662213297,799700.510467324,799977.9839617814,799783.2264261598,799501.8143224083,799809.604129612,-357413.54793933796,799687.9330293095,799782.3933554644,799962.2172559545,799971.3400287568,799949.2882323777,799987.1584397773,-357421.0473573889,-357412.52983379347,799985.044182076,799364.6894943278,799938.8631211178,799957.1438355893,799540.8066264418,799996.1754958674
900000.0,899970.7704066755,-257487.37971851448,899949.7700367413,899583.3595240747,899724.6409936184,899645.335556853,899976.6681696579,899747.5678117517,899428.8767616458,899800.9973998459,-257414.97769747605,899631.2987467552,899748.8642324144,899955.5746800164,899970.0121678398,899941.5434415494,899984.1709996716,-257421.1688058951,-257413.67448691637,899984.0867170589,899264.6617042759,899933.7236230618,899954.7292016565,899461.4095188287,899995.6151376647
1000000.0,999974.7585853685,-157476.33856594187,999957.4414517522,999545.7400006299,999694.1855483223,999608.7887171934,999979.7226652051,999710.6831519154,999346.6404023977,999802.5248297822,-157416.31483961473,999591.3570407972,999711.360432027,999948.0523184123,999972.1607590662,999932.0789755577,999981.8408118654,-157419.48775470039,-157414.83764853407,999984.5143971533,999162.1794472905,999946.9273465893,999962.5121298016,999394.5429157377,999994.9670784441
1100000.0,1099979.9096032435,-57446.26268899621,1099967.6796897706,1099536.2386311346,1099672.3822859458,1099603.1343582445,1099986.4194405847,1099678.6888907661,1099264.2421328838,1099802.495145755,-57417.35226868775,1099580.6601081318,1099674.4125962413,1099940.517993955,1099975.8865361442,1099921.3791120884,1099980.7329995346,-57417.236604802754,-57415.88318098439,1099985.6021315972,1099074.5178896473,1099974.5401160533,1099978.705475662,1099357.0463699596,1099994.2158520105
1200000.0,1199982.752183489,42596.43007167534,1199974.2754154508,1199562.4677443777,1199665.390746926,1199635.8641020886,1199994.916368944,1199658.9514930616,1199196.29877707,1199790.1536603102,42582.10772545283,1199607.6078246755,1199644.85724476,1199934.2933060639,1199978.9255871298,1199910.7922494537,1199981.2643873102,42584.05591988881,42583.34220998096,1199986.5014571075,1199022.2502428594,1200008.730580021,1199999.0175541537,1199363.3234277635,1199993.3730402302
1300000.0,1299980.4112629122,142642.14448086117,1299971.98949431,1299625.1693349392,1299677.470741472,1299707.2191028579,1300002.7593024438,1299658.207586274,1299159.5403956433,1299759.4873222548,142582.21005747953,1299673.7533284577,1299630.2520716335,1299930.8731880598,1299979.3615116777,1299902.3141946439,1299983.592153669,142583.06825849184,142582.97948510115,1299986.502952699,1299023.8751447902,1300040.0152318494,1300017.8329608378,1299421.0840867234,1299992.4856645702
1400000.0,1399971.6137464636,242680.66336394672,1399958.3441239644,1399717.2692023087,1399709.485990689,1399809.4893057924,1400007.5843234204,1399680.6478460203,1399168.380947368,1399711.537585166,242583.01128779148,1399772.7549529972,1399636.87746057,1399931.556742752,1399976.211900381,1399898.1404710142,1399987.5581696487,242579.1493304059,242583.12674660498,1399985.2439163674,1399090.421461717,1400059.932705204,1400029.8109024423,1399528.5414819752,1399991.6363066083
1500000.0,1499957.2399100051,342703.8393655277,1499934.6230535135,1499825.0172769397,1499758.2462736326,1499928.3439786215,1500007.8153545437,1499726.503175074,1499230.6414314886,1499654.531358248,342584.4605270383,1499891.3255109026,1499667.8727179833,1499937.0864375487,1499969.722850915,1499900.101017493,1499992.704443989,342572.59826202993,342583.8145369592,1499982.8044000734,1499221.5598443837,1500063.3842918717,1500031.4370468326,1499673.9135731864,1499990.9328250792
1600000.0,1599940.241040015,442707.6711722049,1599905.7634017456,1599930.9609724479,1599816.914006509,1600045.8850283762,1600003.150331602,1599791.55070753,1599344.6472135268,1599601.7853728705,442586.4020838397,1600011.980223142,1599722.038703292,1599947.3952379674,1599961.2925362848,1599909.129957446,1599998.357357496,442564.66834305285,442584.9932098348,1599979.6685839018,1599404.3954808277,1600049.9820570094,1600022.07331812,1599837.4647503956,1599990.4887008504
1700000.0,1699924.9267258183,542693.1966537489,1699879.1421162484,1700017.960511654,1699876.3980840466,1700144.6258910482,1699994.6877235323,1699867.7149670804,1699498.5869135517,1699567.9847608793,542588.5999440748,1700116.8764006156,1699793.6712469708,1699961.5355459866,1699953.0528177063,1699924.9197785584,1700003.7607019423,542557.2819804164,542586.5359570064,1699976.5675743704,1699615.4134347597,1700024.0391426473,1700004.1922575156,1699995.6141324167,1699990.3977975873
1800000.0,1799915.8090431574,642665.9798079302,1799862.5809530136,1800073.1425091622,1799927.3715133253,1800211.3343305315,1799984.6479565578,1799944.641389116,1799672.4206708095,1799564.902748552,642590.7788602451,1800191.7257459085,1799873.514957617,1799977.8169392436,1799947.235721803,1799945.8637859824,1800008.2251259258,642552.5277876058,642588.2574070736,1799974.2531778296,1799825.1739684716,1799993.2295285964,1799982.716847683,1800126.044370596,1799990.709282348
1900000.0,1899916.3234308609,742634.3692918756,1899862.12450588,1900090.702319449,1899962.3658414502,1900239.7218354093,1899975.7618070908,1900011.8497774103,1899841.9176006392,1899597.7933071563,742592.6730654464,1900228.7430900794,1899950.6198283073,1899994.1246759938,1899945.5118528001,1899969.3152883374,1900011.2580540276,742552.0767021386,742589.9442532326,1899973.2708806887,1900004.5627026802,1899966.321604434,1899963.6447257667,1900212.454712368,1899991.4092758296
2000000.0,1999927.7890131613,842607.0476561033,1999880.221579526,2000072.8020887596,1999977.3706091703,2000231.3000756262,1999970.4956533022,2000060.9128897493,1999983.7913013916,1999663.5094385915,842594.0718560828,2000227.8780940666,2000014.6309165237,2000008.3424473265,1999948.4933645027,1999992.1067627005,2000012.64384347,842556.6815205181,842591.3914759959,1999973.7986046167,2000130.941976241,1999950.6454972073,1999952.3430192485,2000247.710204549,1999992.4146428246
2100000.0,2099948.911551533,942590.5792190994,2099914.8389925356,2100028.3625554154,2099972.5082509583,2100194.248390661,2099970.3336369307,2100087.0994839147,2100080.5813881787,2099750.920348086,942594.8521679041,2100196.0683561726,2100057.919584611,2100018.7747257105,2099955.5442123986,2100011.2012903,2100012.4574170546,942565.9052482839,942592.4363623855,2099975.596872244,2100192.58129855,2099950.0206278167,2099951.9985297974,2100234.6089532054,2099993.5816169945
2200000.0,2199975.985309603,1042587.652530129,2199959.783730087,2199970.143582614,2199951.620699521,2200140.686534061,2199975.324620664,2200090.073541476,2200124.0046100244,2199843.5463004396,1042594.9916662181,2200144.802530811,2200077.010538156,2200024.4643400307,2199964.9498783364,2200024.3121693875,2200011.012202441,1042578.1628836541,1042592.9831571643,2199978.0823221426,2200190.2553599346,2199963.7316981205,2199962.669844288,2200184.1682451214,2199994.7284548813
2300000.0,2300003.755906566,1142596.5061823006,2300006.1719725905,2299910.979973735,2299920.9138332964,2300083.1684117564,2299984.03006147,2300073.505691032,2300115.945822209,2299923.6851045648,1142594.5609573377,2300086.732696527,2300072.9581455323,2300025.329595516,2299974.394005804,2300030.3353577405,2300008.7601620606,1142591.0752959491,1142593.013734479,2299980.500149195,2300135.7148106033,2299986.8368037753,2299981.2224267595,2300112.010545592,2299995.66802305
2400000.0,2400026.7184416126,1242611.6808269937,2400044.65583843,2399860.258893908,2399887.068925909,2400031.3954073135,2399993.896104647,2400043.7498541526,2400066.9298515483,2399976.8637030954,1242593.6979821166,2400032.3066825266,2400050.616989512,2400022.0932481065,2399981.5999331716,2400029.489826426,2400006.172477191,1242602.0457957196,1242592.5825008864,2399982.141736821,2400047.598221048,2400011.704119149,2400002.178383533,2400033.921388257,2399996.243034762
2500000.0,2500040.500199774,1342625.8544821895,2500067.7990602627,2499821.6412284286,2499855.3747820524,2499990.0532648554,2500001.952888714,2500007.9854377788,2499992.6056214375,2499995.3551603653,1342592.5722458095,2499987.351366389,2500017.051861786,2500016.031367502,2499984.9490121063,2500023.1405357313,2500003.6332096662,1342608.9068791815,1342591.798024216,2499982.5419333717,2499946.0192993903,2500030.316400756,2500019.2510276185,2499961.8333790647,2499996.3563586483
2600000.0,2600042.9500144143,1442632.202134821,2600071.945947389,2599792.6630281773,2599828.419041605,2599958.33251637,2600005.6485023526,2599972.3541865884,2599909.2878247453,2599979.7835017894,1442591.3478593312,2599952.2413819,2599979.5552886496,2600008.615889038,2599983.8959837677,2600013.3628305364,2600001.372004021,1442610.4625706077,1442590.7962639125,2599981.5971801793,2599847.364793846,2600036.659187143,2600027.134141473,2599901.3261833047,2599995.9892675537
2700000.0,2700034.637160968,1542626.5705814932,2700058.0705250613,2699766.3038071156,2699805.70884334,2699931.195236068,2700003.5840523294,2699940.601065871,2699829.81272571,2699938.405710113,1542590.154002619,2699922.8178860797,2699943.829268082,2700001.1498872293,2699979.063553045,2700002.374075037,2699999.44948628,1542606.779263395,1542589.7120194496,2699979.5706400503,2699760.7186627183,2700028.4888065206,2700023.0385872438,2699851.2729506013,2699995.2034350876
2800000.0,2800018.6271880358,1642608.82020539,2800031.380828556,2799734.0270551704,2799784.315575523,2799901.938239192,2799995.941522513,2799913.568004581,2799760.8301265654,2799884.3328322894,1642589.0688454174,2799892.7082969593,2799912.82085887,2799994.492066782,2799971.9942655074,2799991.989413743,2799997.793435059,1642599.1465959214,1642588.6551831574,2799976.985290125,2799686.8285382823,2800007.964911318,2800007.5376893,2799805.6318082837,2799994.1264301664
2900000.0,2899999.6023432026,1742582.9370772252,2899999.801145448,2899689.354884318,2899760.33316812,2899865.2233110177,2899984.480275601,2899889.6336515257,2899702.215400611,2899831.532321743,1742588.1186295457,2899856.2876982647,2899886.499298428,2899988.9376083817,2899964.6390231107,2899983.245418248,2899996.2692064494,1742589.7199371608,1742587.69632714,2899974.4398407065,2899619.7824454443,2899980.970130056,2899984.4771397435,2899756.751149684,2899992.9240483
3000000.0,2999982.574244515,1842555.8846817028,2999971.7639740775,2999630.87066235,2999730.6938026734,2999819.613962467,2999972.0979921254,2999865.9146108604,2999648.66201044,2999790.7845527497,1842587.289572046,2999811.339500795,2999862.583364494,2999984.275844759,2999958.739185105,2999976.283264367,2999994.759187968,1842580.9429925494,1842586.8634970596,2999972.405990722,2999550.7693647705,2999955.325211574,2999959.9687730744,2999699.114208004,2999991.765942538
3100000.0,3099971.5461029406,1942535.5352900662,3099953.928833912,3099563.7041933364,3099694.7721817563,3099768.814998444,3099962.073170512,3099839.8232049583,3099592.8766924995,3099766.7644661735,1942586.5471915598,3099760.5722960867,3099837.9503267566,3099979.9943175525,3099955.290240042,3099970.5067331498,3099993.2251443597,1942574.908324103,1942586.1491776642,3099971.071450836,3099472.6849086136,3099938.4290902126,3099940.744380341,3099632.326988511,3099990.7924823207
3200000.0,3199968.491694964,2042528.2902224837,3199949.45845162,3199498.993941737,3199655.2644577553,3199721.2060198807,3199957.1950447615,3199810.477919341,3199529.3312959005,3199757.0876550293,2042585.85633621,3199711.4996499345,3199810.2620039363,3199975.5580441505,3199954.25046138,3199964.9515407532,3199991.7341642017,2042572.8289700155,2042585.5239881831,3199970.2794779115,3199384.100789142,3199935.0197520964,3199932.324276412,3199562.391351631,3199990.0902001476
3300000.0,3299972.9260890144,2142537.0910569583,3299957.32161997,3299451.406377746,3299618.034715275,3299687.7715380588,3299959.0181183205,3299779.5137516516,3299457.369146272,3299753.5858211354,2142585.1955901007,3299674.681686038,3299779.286179562,3299970.673477367,3299954.5845052344,3299958.7434313404,3299990.4409959693,2142574.7615988404,2142584.952105199,3299969.5860473393,3299291.320287079,3299945.717984506,3299937.5069816117,3299500.8257355397,3299989.6805192176
3400000.0,3399982.175647191,2242560.415817571,3399972.8010340706,3399435.3557171877,3399590.9210751797,3399679.0095364535,3399967.4450287386,3399751.0255327807,3399382.669024824,3399745.41755506,2242584.5627729045,3399660.817055118,3399747.490330035,3399965.4549903697,3399954.63193813,3399951.500938448,3399989.534291784,2242579.6512059574,2242584.40420751,3399968.420103097,3399207.826399651,3399966.7920550294,3399955.598522809,3399461.8409299175,3399989.523608706
3500000.0,3499992.2566523217,2342592.571881076,3499989.0415168884,3499460.9520269292,3499581.7968427683,3499701.710445235,3499980.7502592127,3499730.639581346,3499316.5686857956,3499723.066589077,2342583.9708615476,3499677.5205147057,3499719.7065740735,3499960.442777447,3499952.6913475217,3499943.5583576416,3499989.165143409,2342585.676936398,2342583.8644895228,3499966.299117608,3499151.209852562,3499991.2260572277,3499982.5939113656,3499458.3575896705,3499989.534878115
3600000.0,3599999.1016120166,2442625.2209688504,3599999.1790413167,3599530.81221603,3599596.406796655,3599756.557030589,3599996.0359563525,3599723.972844373,3599273.391125463,3599682.004479569,2442583.4374464634,3599726.732098384,3599701.947702956,3599956.467787653,3599947.643891854,3599935.9413761264,3599989.3824896566,2442590.796065904,2442583.3311195886,3599963.0339208916,3599138.4132874445,3600010.790907358,3600012.2579094004,3599498.0085175247,3599989.6093790913
3700000.0,3699999.776474278,2542649.706818806,3699998.4279445554,3699638.6621299516,3699636.5797471423,3699837.2816170463,3700009.99133289,3699734.925678328,3699266.5107849753,3699624.884323714,2542582.9722567294,3699803.5441825693,3699699.7095391136,3699954.4054338997,3699939.4237414426,3699930.102501363,3699990.0973063717,2542593.3293788023,2542582.8111484884,3699958.8567724917,3699180.637436191,3700018.5154797994,3700037.7993768593,3699580.3036041753,3699989.647359212
3800000.0,3799993.340350707,2642659.5142948343,3799985.523343987,3799770.1864840826,3799699.3337519737,3799931.6858387855,3800019.7448490644,3799764.3137539653,3799304.281478279,3799561.5609697336,2642582.56804033,3799896.8435680484,3799716.253929586,3799954.8939400655,3799929.184421698,3799927.496036941,3799991.088909323,2642592.4232959263,2642582.3128965637,3799954.4274509596,3799279.3926742473,3800010.830466107,3800053.6684915,3799695.836331509,3799989.574960489
3900000.0,3899981.1070168326,2742652.143155797,3899963.1094909622,3899905.9651404503,3899777.1578557533,3900024.294954184,3900023.575344833,3899809.2572089196,3899387.0180863794,3899506.8664877852,2742582.19838953,3899991.6493928162,3899751.3828824074,3899958.103841522,3899919.0963376556,3899929.120211326,3899992.053228624,2742588.2622550465,2742581.83907816,3899950.706392847,3899424.9011760117,3899988.7471510153,3900056.9759173207,3899827.848289629,3899989.3556376444
4000000.0,3999966.2429700606,2842629.846503217,3999936.9742311593,4000025.7437997293,3999859.4359471984,4000099.9395811763,4000021.291787838,3999863.5352915544,3999505.9576897556,3999476.7210202534,2842581.8236112483,4000072.533347314,3999801.083271506,3999963.6304579494,3999911.8180165626,3999935.1645770064,3999992.6797239576,2842581.97852656,2842581.383416235,3999948.7229610267,3999597.4220173066,3999957.711610917,4000048.147008177,3999955.7942193877,3999988.990834682
4100000.0,4099952.8278563633,2942599.011652989,4099914.3622862855,4100112.9032654203,4099934.66209655,4100147.2795103826,4100014.187416681,4099918.840001721,4099644.5850834055,4099483.646658354,2942581.4026240627,4100127.1862376123,4099858.177815582,4099970.544868081,4099909.7803129037,4099944.8704540776,4099992.734072436,2942575.2935660966,2942580.931817653,4099949.2988267946,4099771.245052681,4099926.1573903975,4100030.646671447,4100059.961673601,4099988.511259923
4200000.0,4199944.655655698,3042568.352559741,4199901.861513304,4200157.937757762,4199992.875509369,4200161.297089691,4200004.595306072,4199966.602624793,4199782.036689342,4199532.947173887,3042580.9068961167,4200149.147867965,4199913.830850925,4199977.592507346,4199914.481852584,4199956.650669647,4199992.121596387,3042570.0009282245,3042580.467664918,4199952.802597113,4199920.3177103745,4199903.155455718,4200009.876003949,4200125.882640017,4199987.962724006
4300000.0,4299944.125324518,3142546.4236019603,4299903.473629646,4300160.045200666,4300027.682389808,4300144.086611888,4299995.182580726,4299999.89865958,4299897.689332952,4299620.6637780545,3142580.330956225,4300138.959824901,4299959.509073083,4299983.484341423,4299925.996643711,4299968.438758,4299990.911042036,3142567.4429892106,3142579.978632844,4299959.005850001,4300023.977704227,4299895.822007562,4299991.572398034,4300147.332512425,4299987.390938506
4400000.0,4399951.540885776,3242539.1617643824,4399919.42539078,4400126.477520153,4400037.352020127,4400103.758629051,4399988.190807007,4400014.9129942125,4399975.688323527,4399733.949555978,3242579.695540254,4400103.458011169,4399988.864636925,4399987.198740006,4399942.841388093,4399978.171448338,4399989.310520876,3242568.1328348396,3242579.4623900885,4399967.085878304,4400071.231133309,4399907.222763025,4399980.178609453,4400127.12771487,4399986.829930714
4500000.0,4499965.019790782,3342548.16192345,4499946.061545674,4500069.924603408,4500024.735861628,4500051.8120450135,4499984.8392217485,4500011.573523615,4500008.186113908,4499853.836425452,3342579.0412983326,4500053.450941158,4499999.029374195,4499988.208408398,4499962.252388986,4499984.268962751,4499987.601368052,3342571.627289501,3342578.9284011936,4499975.781003376,4500062.449010019,4499935.381883423,4499977.645639749,4500075.570018985,4499986.2966030445
4600000.0,4599981.031073717,3442570.1889066948,4599976.848331414,4600004.732024339,4599996.08442034,4599999.750672303,4599985.055456608,4599993.200878433,4599996.444619274,4599959.684411329,3442578.414263982,4600000.478645788,4599990.979583228,4599986.568819691,4599980.808652081,4599985.9786367295,4599986.048857219,3442576.6823372133,3442578.3945002574,4599983.66281255,4600008.111465805,4599973.699094243,4599983.002650186,4600007.048969163,4599985.791825752
4700000.0,4699995.401891338,3542598.082197975,4700004.194137005,4699943.040624326,4699959.132398211,4699955.920387529,4699987.600307855,4699965.302356453,4699949.575794632,4700034.109476128,3542577.847453645,4699953.592772988,4699968.898376763,4699982.845513157,4699995.240389507,4699983.487834002,4699984.816649399,3542581.639448926,3542577.8790097823,4699989.4572502645,4699925.0662991,4700012.680733802,4699992.801555931,4699935.814548009,4699985.30650279
4800000.0,4800004.495341345,3642622.8094488126,4800021.556248464,4799891.918168054,4799921.006810149,4799923.467478455,4799990.536858827,4799933.877489479,4799881.362622444,4800067.041269268,3642577.344470819,4799917.077902964,4799938.746800954,4799977.904778191,4800003.2082762495,4799977.779508499,4799983.911501126,3642584.9241784317,3642577.390719376,4799992.331874723,4799831.442847378,4800042.511308357,4800002.288114098,4799872.139511577,4799984.829367964
4900000.0,4900006.214939796,3742636.0894632246,4900025.221766354,4899852.242682661,4899886.539318118,4899899.990333256,4899991.8945153,4899903.734615808,4899806.124889571,4900057.815096269,3742576.871172083,4899889.755382138,4899906.474928794,4899972.632627079,4900003.845262385,4899970.27907496,4899983.176890533,3742585.5072789867,3742576.920376658,4899992.074977251,4899741.699218836,4900055.745019385,4900006.940235815,4899819.957558408,4899984.353230579
5000000.0,5000000.544986809,3842632.8344016997,5000015.250571893,4999819.57816597,4999857.428822146,4999878.962256697,4999990.323574658,4999877.305850328,4999734.833124987,5000014.76958927,3842576.3594451635,4999866.047931846,4999876.398069691,4999967.667963003,4999997.917236513,4999962.401710856,4999982.340228495,3842583.1917335554,3842576.4372897395,4999989.120751923,4999663.204353314,5000049.357090221,5000003.909543772,4999776.626457489,4999983.8772585485
5100000.0,5099989.474863509,3942612.7080072146,5099995.317634283,5099786.698455172,5099832.442986175,5099852.48032831,5099985.541856101,5099854.296110761,5099672.574298916,5099952.524425093,3942575.7236489584,5099838.463698832,5099850.2062926,5099963.231392344,5099987.563192852,5099955.137392836,5099981.102349333,3942578.642465449,3942575.893326354,5099984.41563166,5099595.292992776,5100025.575637287,5099992.935126737,5099734.840512135,5099983.404529797
5200000.0,5199976.337837869,4042580.348287696,5199971.515575611,5199746.932126139,5199808.540955275,5199814.497294584,5199978.439901274,5199832.25326722,5199618.065162973,5199887.745328084,4042574.8867115504,5199800.7332848655,5199826.88447026,5199959.10278278,5199975.69064926,5199948.79908185,5199979.245112445,4042573.1534916507,4042575.234805605,5199979.163413593,5199531.002882908,5199991.261649376,5199976.458887584,5199686.07801439,5199982.936388082
5300000.0,5299964.766223831,4142544.182186257,5299950.479608649,5299697.264071863,5299782.530381085,5299763.541288612,5299970.814404945,5299807.870317215,5299565.301327567,5299834.596379101,4142573.809112506,5299750.630593431,5299803.547374529,5299954.755312963,5299965.194510315,5299943.009608251,5299976.725825322,4142568.22552687,4142574.419805521,5299974.517981195,5299460.905543285,5299956.012959752,5299958.909831343,5299624.503862111,5299982.466128427
5400000.0,5399957.576777208,4242514.157001489,5399937.39151269,5399640.212433838,5399752.71999456,5399704.071605075,5399964.811664569,5399778.608654621,5399506.792162333,5399801.139627622,4242572.5126691675,5399691.5934491,5399776.919443149,5399949.606086961,5399958.213528593,5399936.93082327,5399973.72961027,4242565.084040581,4242573.436655969,5399971.30535901,5399377.808373332,5399929.523052119,5399945.370933224,5399550.10147858,5399981.975351579
5500000.0,5499955.920095193,4342499.016500874,5499934.452418144,5499583.874675055,5499720.037958281,5499646.01302902,5499962.249975826,5499744.129347975,5499437.3494991455,5499787.659019605,4342571.091653363,5499632.606292887,5499744.99142774,5499943.3064113455,5499955.624704546,5499929.664388727,5499970.661311845,4342564.285794557,4342572.318382877,5499969.84710772,5499280.83239717,5499918.92974111,5499940.024514109,5499470.027814406,5499981.435626867
5600000.0,5599958.949839342,4442503.877528082,5599940.276888059,5599540.086995835,5599688.252393767,5599602.537523933,5599964.026716198,5599707.06846167,5599357.22089649,5599787.333610428,4442569.70626405,5599586.310086703,5599708.325866592,5599935.979706638,5599956.90664253,5599920.699097107,5599968.074352013,4442565.535619283,4442571.148018768,5599969.927611841,5599177.545280099,5599926.889092134,5599944.838665756,5599397.702266419,5599980.816082906
5700000.0,5699964.1146648135,4542528.782809703,5699950.391722506,5699521.203804823,5699663.203846634,5699586.669372712,5699969.792507989,5699672.879957397,5699273.543719002,5699789.010639831,4542568.558187878,5699565.81834415,5699670.580210842,5699928.327523007,5699960.398477743,5699910.26216373,5699966.551669009,4542567.773006444,4542570.051960969,5699970.907872567,5699083.398851384,5699950.907636969,5699958.890218761,5699349.799107142,5699980.095705082
5800000.0,5799967.990350365,4642568.636796642,5799958.69647121,5799536.418094603,5799651.257446806,5799607.637536228,5799977.996678564,5799648.73966678,5799199.58599323,5799781.220724613,4642567.852457733,5799581.099154948,5799638.04118929,5799921.559912239,5799963.869679766,5799899.456025185,5799966.567391901,4642569.506819061,4642569.181200948,5799971.94799825,5799018.506912785,5799984.113128993,5799978.536091728,5799341.923324504,5799979.2768538175
5900000.0,5899967.406895895,4742614.545816033,5899959.454648426,5899588.697509901,5899657.419845888,5899667.995117411,5899986.298685598,5899641.77955263,5899151.886522694,5899756.218690988,4742567.753857145,5899635.929857641,5899618.2521111965,5899917.1565195685,5899965.230318546,5899890.12236619,5899968.364379539,4742569.300896044,4742568.683594204,5899972.271948373,5899002.574757878,5900017.237865697,5899998.397130743,5899384.1474740105,5899978.395577551
6000000.0,5999960.533263006,4842656.187639324,5999949.221056426,5999673.260482163,5999683.674784633,5999762.340937247,5999992.230581987,5999657.124579988,5999146.023227872,5999712.836215434,4842568.347986554,5999726.301291148,5999618.083223671,5999916.514418218,5999963.17494953,5999884.453770648,5999971.879669695,4842566.265457693,4842568.672890681,5999971.39848673,5999049.346027531,6000041.244141325,6000012.877652562,5999477.666349918,5999977.524474532
6100000.0,6099947.589538654,4942684.544100201,6099928.122459478,6099778.097172815,6099728.040573919,6099878.05472864,6099993.918764245,6099696.278352513,6099192.157354794,6099657.294985421,4942569.616579893,6099840.770332452,6099641.768847498,6099920.574056994,6099957.576498148,6099884.448453522,6099976.738283302,4942560.40394857,4942569.2016249085,6099969.274441265,6099162.121532015,6100049.841250857,6100017.781790723,6099613.559748367,6099976.765568789
6200000.0,6199930.960916322,5042694.230997243,6199900.093071215,6199886.460740665,6199784.655022813,6199997.903966902,6199990.6520305155,6199756.325505735,6199291.609791532,6199601.7353823995,5042571.433445575,6199962.727929789,6199689.464369475,6199929.525055527,6199949.521656227,6199891.353078904,6199982.318407291,5042552.704051372,5042570.24438758,6199966.276033206,6199331.6711514965,6200041.181874526,6200011.553561795,6199774.098876595,6199976.233159454
6300000.0,6299914.660076048,5142684.7826859895,6299871.968420372,6299980.680612566,6299844.902906816,6300103.852564308,6299983.124680675,6299830.207281265,6299435.488694193,6299560.8815931585,5142573.58274235,6300074.012313476,6299756.7509284355,6299942.67598131,6299940.984438402,6299905.24862826,6299987.872867216,5142544.934546236,5142571.695999052,6299963.0828739945,6299537.246270122,6300018.270320959,6299995.772929745,6299936.330714275,6299976.029667416
6400000.0,6399903.274012218,5242660.555232056,6399851.67215771,6400046.255544217,6399899.300361032,6400181.058217658,6399973.2758664405,6399908.03701326,6399605.85387003,6399547.799422286,5242575.796019581,6400158.913119356,6399835.26624186,6399958.530685536,6399934.238740528,6399924.900701911,6399992.677539072,5242539.195193668,5242573.385788956,6399960.465631665,6399750.553132324,6399987.99002696,6399974.753597874,6400077.025806594,6399976.219914905
6500000.0,6499900.683525083,5342629.307946956,6499845.995583961,6500075.096416464,6499939.628433536,6500220.994390968,6499963.762634225,6499979.1347463615,6499779.206880798,6499569.965062161,5342577.799660531,6500207.501992487,6499914.332961347,6499975.059170773,6499931.184031736,6499947.926819562,6499996.1705266265,5342537.340002582,5342575.105123851,6499959.05174651,6499941.702200054,6499959.051041891,6499954.346705142,6500177.679361046,6499976.810041035
6600000.0,6599908.916340476,5442599.8939924985,6599858.596384886,6600067.0373281315,6599960.733563971,6600222.891935079,6599957.211755054,6600034.259731991,6599931.43458391,6599626.785850952,5442579.362545283,6600217.425249865,6599983.179170234,6599990.099581477,6599932.781530037,6599971.249130625,6599998.049566237,5442540.435140449,5442576.642790598,6599959.1387347765,6600085.569243905,6599939.459585803,6599940.2847070135,6600228.243840507,6599977.737302654
6700000.0,6699927.464821731,5542579.731573767,6699888.7933340985,6700029.236462778,6699961.507276212,6700193.178586089,6699955.46146541,6700067.464277879,6700042.91017631,6699709.313479072,5542580.333306571,6700193.737549565,6700033.178705591,6700001.792066604,6699938.763333531,6699991.7228339715,6699998.306072187,5542548.407127725,5542577.820436119,6699960.608419074,6700166.882618622,6699934.237928409,6699936.534436591,6700228.645071959,6699978.874172764
6800000.0,6799953.275426165,5642572.777034383,6799931.520666907,6799973.690811728,6799944.794058406,6800143.154644893,6799959.0114729125,6800077.101117923,6800102.410605987,6799802.270634615,5642580.659637215,6800146.9059473965,6800059.534530865,6800008.937113005,6799947.696513884,6800006.782718249,6799997.191452352,5642559.987701409,5642578.520666443,6799962.964943757,6800182.731802636,6799944.043996425,6799944.131842922,6800187.77187763,6799980.047163135
6900000.0,6899981.43125912,5742578.567708794,6899978.484001583,6899913.613109027,6899916.282380157,6900085.616532774,6899966.843832507,6900065.754430508,6900108.856192072,6899887.842942016,5742580.386493057,6900089.60833521,6900061.98628785,6900011.19139785,6899957.38015445,6900014.944923382,6899995.128652523,5742572.980635996,5742578.702114736,6899965.482387639,6900141.94296247,6899965.077539427,6899960.839653419,6900120.330523506,6899981.06702267
7000000.0,7000006.353788461,5842592.589323211,7000020.218970071,6999859.72329569,6999882.720004569,7000031.401436478,6999976.674185762,7000039.161382378,7000070.503307123,6999950.168950974,5842579.635233308,7000033.255895488,7000044.395972827,7000009.058125001,6999965.456661499,7000016.0405321475,6999992.595306013,5842584.786078306,5842578.399030023,6999967.415767474,7000061.645079739,6999990.286502765,6999981.738701197,7000042.5191120235,6999981.764072391
7100000.0,7100023.200700062,5942607.836700616,7100048.4926537955,7099817.51338132,7099849.979769478,7099986.813321151,7099985.570571948,7100004.460706317,7100001.927010393,7099979.255431341,5942578.569888892,7099985.21077987,7100013.3721162295,7100003.683314058,7099970.057114497,7100011.130131769,7099990.010352689,5942593.044557288,5942577.706362247,7099968.211086228,7099962.095499581,7100011.508682754,7100000.59712453,7099967.7579114055,7099982.0207088785
7200000.0,7200029.078856225,6042617.0890223505,7200058.386167985,7199786.255536592,7199821.536223798,7199952.613847304,7199990.771247079,7199968.274352177,7199919.714215413,7199973.221110473,6042577.359637538,7199947.444517063,7199976.346790609,7199996.520259579,7199970.292729903,7200002.13430127,7199987.653136426,6042596.227822818,6042576.754879632,7199967.651845272,7199861.25457196,7200021.911837767,7200011.636356581,7199903.6490337765,7199981.793860851
7300000.0,7300023.740787383,6142615.213830561,7300049.48475497,7299760.0139012905,7299797.787123154,7299924.796626618,7299990.473294675,7299935.153125528,7299838.097004574,7299938.2699808115,6142576.146333864,7299916.952024017,7299939.65181825,7299988.956324695,7299966.451479146,7299991.2889340045,7299985.6327137165,6142594.016244464,6142575.682471995,7299965.899212809,7299770.603646091,7300018.011316745,7300011.194349864,7299850.956730992,7299981.122068328
7400000.0,7400009.577060527,6242600.811352478,7400025.854240269,7399730.330904549,7399776.403156013,7399896.839410143,7399984.369322002,7399906.795269785,7399765.723029566,7399886.457769181,6242575.024052104,7399887.720136912,7399907.119386866,7399982.002245147,7399959.847532211,7399980.577470053,7399983.910100314,6242587.360595192,6242574.608390134,7399963.416037759,7399693.303836844,7400000.6746658925,7399998.812157697,7399804.802449404,7399980.11568468
7500000.0,7499990.912377589,6342576.711698392,7499994.823160963,7499689.757704718,7499753.5836101025,7499862.695460618,7499973.778074621,7499882.2128502,7499704.402684949,7499831.941937224,6342574.033692827,7499853.593896956,7499879.565817788,7499976.122129826,7499952.37410682,7499971.292207853,7499982.360847813,6342578.212261097,6342573.615691604,7499960.800220462,7499625.100222967,7499974.825615537,7499977.431675381,7499757.618566573,7499978.932517879
7600000.0,7599972.805196818,6442549.180284161,7599964.920479335,7599635.138702746,7599725.823671848,7599819.572693917,7599961.327554138,7599858.741397445,7599650.088382537,7599786.822851175,6442573.171593577,7599811.124070195,7599855.253653948,7599971.239709693,7599945.897878439,7599963.835305679,7599980.85469925,6442568.996629377,6442572.7447530655,7599958.580706606,7599557.571918913,7599947.943508528,7599952.643028452,7599702.888872301,7599977.744725676
7700000.0,7699959.684991986,6542526.067597429,7699943.54740121,7699569.623478625,7699691.640810232,7699769.621490884,7699950.273517992,7699833.542683278,7699595.687415886,7699757.783650604,6542572.407268812,7699761.493952519,7699831.140294152,7699966.904822779,7699941.679211892,7699957.798480408,7699979.325377395,6542561.973683605,6542571.997427414,7699957.040629432,7699482.638927566,7699927.80501126,7699931.186627095,7699638.477689081,7699976.70443129
7800000.0,7799954.202741143,6642514.448858442,7799935.029091287,7799502.748033529,7799652.712718807,7799719.986917522,7799943.6382678235,7799805.1111755045,7799534.773901749,7799744.497428764,6642571.703999518,7799710.907949396,7799804.4944636645,7799962.559461437,7799939.994854825,7799952.2803991195,7799977.808732562,6642558.659747645,6642571.3492789455,7799956.124570552,7799396.870895412,7799920.1347242305,7799919.123527893,7799568.484277354,7799975.916050505
7900000.0,7899956.606255777,6742518.448722908,7899939.579483322,7899448.486151418,7899614.045076439,7899681.172736181,7899943.404121814,7899774.300402312,7899465.0060787685,7899740.253636799,6742571.035309524,7899669.288140452,7899774.359116031,7899957.81558482,7899940.078531534,7899946.33316193,7899976.437770962,6742559.46488711,6742570.764893498,7899955.460702547,7899304.214066143,7899926.85786236,7899920.179576309,7899503.009241591,7899975.420646861
8000000.0,7999964.803359349,6842537.897768778,7999953.453544585,7999421.759820012,7999583.068159587,7999664.169504996,7999949.982205447,7999744.536323569,7999390.155818925,7999734.603007387,6842570.393348853,7999647.6317166295,7999742.39362397,7999952.65762917,7999940.400580335,7999939.396119443,7999975.398137158,6842563.640213315,6842570.212017755,7999954.494261022,7999216.239820202,7999945.477007188,7999934.722177802,7999455.847888892,7999975.195411647
8100000.0,8099975.080587953,6942568.230174807,8099970.223456096,8099434.348208521,8099567.872337879,8099677.170279469,8099962.100557484,8099721.131419511,8099320.081374995,8099717.21473568,6942569.787485195,8099654.783060726,8099712.818635479,8099947.507145277,8099939.204455686,8099931.582264935,8099974.859488823,6942569.541762822,6942569.6705241855,8099952.693157947,8099149.763355649,8099969.768880679,8099959.652490138,8099440.742458624,8099975.166807223
8200000.0,8199983.2610641625,7042601.673411102,8199982.796173312,8199491.330742214,8199575.048701056,8199722.835943816,8199977.140184176,8199709.885252197,8199268.592903959,8199681.768195826,7042569.235238769,8199694.56161899,8199691.459046608,8199943.130675377,8199935.13908553,8199923.729949826,8199974.906332686,7042575.130361591,7042569.134768767,8199949.763298827,8199122.463469175,8199991.610215346,8199989.241027067,8199467.261191988,8199975.233249814
8300000.0,8299985.963120311,7142629.400463512,8299985.58036086,8299589.084996216,8299607.729058661,8299796.936489838,8299991.823654791,8299715.3738085795,8299249.787286286,8299628.680340119,7142568.749812088,8299764.106279914,8299684.15185799,8299940.419700281,8299927.7933396725,8299917.204190409,8299975.49179603,7142578.562421025,7142568.60988192,8299945.805379574,8299147.732638798,8300003.404595811,8300016.669885254,8299537.50764787,8299975.2909814045
8400000.0,8399981.597671509,7242644.02693081,8399976.174318083,8399715.457980677,8399664.384003293,8399888.818151202,8400003.06441995,8399739.430767775,8399273.889520373,8399565.80819409,7242568.329529322,8399853.967751594,8399694.979601562,8399940.110503178,8399917.963802561,8399913.507498339,8399976.430858308,7242578.704364515,7242568.104582121,8399941.360005785,8399230.243306255,8400000.398027033,8400035.847273735,8399644.660117337,8399975.256787982
8500000.0,8499970.822653428,7342641.726934845,8499956.09258991,8499852.138181163,8499738.744251445,8499983.628114842,8500008.74281683,8499780.279258773,8499343.807548158,8499506.856791373,7342567.953394104,8499949.987636073,8499724.850928502,8499942.529950246,8499907.562071087,8499913.817104157,8499977.437058168,7342575.428411218,7342567.623784361,8499937.319025764,8499363.559697183,8499982.196702892,8500042.986852445,8499773.844001684,8499975.082496267
8600000.0,8599956.332987702,7442623.348102528,8599930.332683971,8599978.637382476,8599820.909204101,8600065.716593208,8600008.198977325,8599832.594387013,8599453.438096294,8599467.889121471,7442567.5845954865,8600036.485472172,8599770.860578997,8599947.445827104,8599899.171909433,8599918.587807523,8599978.192927513,7442569.612446055,7442567.163929488,8599934.719723513,8599530.584294137,8599953.029400185,8600037.517385548,8599905.179674702,8599974.758768374
8700000.0,8699942.057134124,7542594.1948412,8699905.919621747,8700076.829862555,8699899.380103212,8700122.285719076,8700002.316050103,8699888.513897562,8699588.290391114,8699462.887486301,7542567.181040107,8700099.888117211,8699826.645020893,8699954.06988975,8699895.369923536,8699927.341322267,8699978.43369235,7542562.852572414,7542566.712862658,8699934.473945951,8699706.836999701,8699920.659931246,8700022.084716754,8700018.213647394,8699974.308935154
8800000.0,8799932.000062393,7642562.532986266,8799889.857072808,8800134.837344585,8799963.496647982,8800146.27671797,8799993.184021145,8799939.341173997,8799728.342985151,8799499.606342794,7642566.709139245,8800131.80069178,8799883.666841898,8799961.216568215,8799897.995572735,8799938.708716936,8799978.018791225,7642556.978199151,7642566.254012916,8799937.105364028,8799865.742608042,8799894.244327229,8800001.668348065,8800096.527411025,8799973.775913613
8900000.0,8899929.070844455,7742537.236351979,8899887.07963934,8900149.24367867,8900005.643619142,8900137.707646744,8899983.451972008,8899977.482866803,8899852.401737278,8899576.908340286,7742566.155881391,8900130.679698287,8899933.092928413,8899967.574453957,8899907.577116812,8899950.71903365,8899976.96892212,7742553.513949307,7742565.773087299,8899942.56930645,8899984.502779985,8899881.732904604,8899982.083950276,8900131.261857452,8899973.206860078
9000000.0,8999934.233696371,7842525.242868031,8999898.996698918,9000125.10855974,9000022.661541238,9000103.122823652,8999975.561034104,8999998.093563482,8999942.782204382,8999684.392314987,7842565.534493377,9000101.674853733,8999967.757883152,8999972.014245817,8999923.082152065,8999961.255292743,8999975.45620482,7842553.244694889,7842565.264418066,8999950.20950495,9000048.95025644,8999887.554236766,8999968.310472442,9000122.614205595,8999972.64015191
9100000.0,9099946.225094555,7942529.547479048,9099923.046436867,9100073.871077204,9100016.1218535,9100053.353613054,9099971.078679303,9099999.98396768,9099989.041972099,9099804.496214466,7942564.880921999,9100054.730556613,9099983.678347703,9099973.845882814,9099942.074627245,9099968.550222306,9099973.749008385,7942556.007064227,7942564.734088755,9099958.870086845,9100056.087090496,9099911.248575643,9099963.121401528,9100078.954748185,9099972.097933158
9200000.0,9199961.914222918,8042548.313773757,9199953.38695015,9200009.807061613,9199991.443707088,9200000.261063382,9199970.320328446,9199985.561460732,9199989.770423928,9199916.556747759,8042564.24141732,9200001.525524737,9199980.714019345,9199972.952466765,9199961.248388033,9199971.582661722,9199972.126949625,8042560.762847779,8042564.198074039,9199967.139110703,9200013.69191237,9199947.458836436,9199966.40462638,9200013.887524093,9199971.585348327
9300000.0,9299977.196967194,8142575.37364956,9299982.52186005,9299946.07337926,9299956.143748252,9299953.405181361,9299972.357295705,9299959.848716768,9299952.012244897,9300001.73739369,8142563.65479263,9299952.144598668,9299962.217462672,9299969.764961235,9299977.201883158,9299970.265093712,9299970.791389577,8142565.926805343,8142563.67558497,9299973.663672376,9299937.221537022,9299987.30622517,9299975.351872671,9299942.14482285,9299971.095494693
9400000.0,9399988.158567598,8242601.987957704,9400003.385746313,9399891.447066197,9399917.73388293,9399917.592263855,9399975.395426903,9399928.885278277,9399888.575870214,9400047.476947075,8242563.134684322,9399912.437177666,9399933.802676117,9399965.08806717,9399987.249227008,9399965.373640064,9399969.798653448,8242569.846895849,8242563.179251268,9399977.455670826,9399844.976831298,9400020.78014631,9399985.443809694,9399875.508261263,9399970.61697019
9500000.0,9499992.164162911,8342619.37525278,9500011.282951148,9499848.638156276,9499881.858288711,9499891.992467187,9499977.401308479,9499897.986739088,9499814.0615025,9500050.249344029,8342562.658331577,9499882.810245454,9499901.60965941,9499959.832053147,9499990.051315961,9499958.247722844,9499969.038020287,8342571.292241566,8342562.705810587,9499978.10941035,9499752.952936558,9500039.476123335,9499991.925704272,9499819.917323029,9499970.140931578
9600000.0,9599988.560103634,8442621.28729823,9600005.119798949,9599814.584663361,9599851.170882905,9599871.06153003,9599976.781791834,9599870.367777618,9599740.775457026,9600015.914525222,8442562.166494815,9599858.783684116,9599870.577431245,9599954.73250355,9599985.89869878,9599950.353083337,9599968.263488138,8442569.80347137,8442562.230841277,9599975.874827806,9599670.841195948,9600038.909302339,9599991.326766595,9599774.569947125,9599969.664679008
9700000.0,9699978.786319045,8542605.89110336,9699987.581991285,9699782.55607626,9699825.227316724,9699846.97046565,9699972.910191217,9699846.522545137,9699675.69927958,9699957.62480901,8542561.576363632,9699833.117714476,9699843.226264667,9699950.143642647,9699976.573554222,9699942.841326935,9699967.17283354,8542565.803109603,8542561.71049147,9699971.568834927,9699600.29322316,9700019.749906879,9699982.567986812,9699733.234948749,9699969.190620335
9800000.0,9799965.87464572,8642576.413438808,9799964.219879368,9799745.361085577,9799801.364475457,9799812.796719909,9799966.341004789,9799824.529356308,9799619.357279772,9799891.924861604,8642560.805343747,9799798.85351268,9799819.294265617,9799945.968761066,9799964.833153985,9799936.239028776,9799965.512928775,8642560.436274545,8642561.091150546,9799966.35026293,9799535.889487743,9799987.633542258,9799967.329165114,9799687.341172304,9799968.721339999
9900000.0,9899953.488405963,8742540.355863921,9899941.72217774,9899698.63362735,9899776.25128563,9899765.49638622,9899958.649827985,9899801.17040713,9899566.862335421,9899834.161011947,8742559.799906416,9899752.329235466,9899796.317717081,9899941.749876516,9899953.65957937,9899930.359906476,9899963.181255125,8742555.192786511,8742560.325430097,9899961.41964076,9899468.45369991,9899951.601715012,9899949.56770999,9899629.873321857,9899968.253057836
10000000.0,9999944.792727701,8842507.492659632,9999925.89250516,9999643.157827634,9999747.60166177,9999707.733572677,9999951.948390357,9999773.511572396,9999510.771397002,9999794.479354173,8842558.561830431,9999695.232278088,9999770.96188482,9999936.89054244,9999945.482425554,9999924.466425687,9999960.293324089,8842551.427488854,8842559.390897777,9999957.724254081,9999389.648621019,9999921.610478163,9999934.333701398,9999558.853894325,9999967.770935208
10100000.0,10099941.493763234,8942487.204979248,10099919.926785754,10099585.489287166,10099715.499388948,10099647.972187562,10099948.221939167,10099740.444115303,10099444.83496704,10099775.506246833,8942557.163774831,10099635.024984367,10099740.680573968,10099930.943797603,10099941.58503006,10099917.63089243,10099957.193583975,8942549.925885951,8942558.30632042,10099955.745482702,10099296.393028887,10099905.801369792,10099926.23317355,10099479.303527428,10099967.249028739
10200000.0,10199943.334980587,9042485.89024797,10199923.500925947,10199536.644644147,10199682.90773603,10199598.737893129,10199948.68984958,10199703.693802908,10199367.446389766,10199772.320250712,9042555.748136591,10199583.551788213,10199705.177768303,10199923.874850012,10199941.850511298,10199909.183731109,10199954.402056118,9042550.64890084,9042557.139997575,10199955.42118312,10199193.681099085,10199908.29205201,10199927.996143365,10199403.014286723,10199966.656058855
10300000.0,10299948.204686852,9142505.168137971,10299932.94218711,10299509.208508907,10299655.186191242,10299573.487219224,10299953.385378601,10299667.95394459,10299283.6760678,10299774.668267595,9142554.507741619,10299554.162593482,10299667.19626555,10299916.212796358,10299944.907576056,10299899.107513206,10299952.507053824,9142552.737987211,9142556.00687386,10299956.218390241,10299094.852592345,10299928.098962482,10299939.578704111,10299346.107024357,10299965.966640236
10400000.0,10399952.827225752,9242541.3857235,10399942.438259277,10399513.678964803,10399638.736206457,10399582.927552238,10399961.086360166,10399640.05136938,10399205.18696743,10399770.729679113,9242553.651097553,10399558.120021261,10399632.350037547,10399909.034826562,10399948.622928953,10399888.24670501,10399952.029073978,9242554.78337381,9242555.05321715,10399957.329598716,10399019.10694924,10399959.48716707,10399958.074878607,10399324.987287741,10399965.174908692
10500000.0,10499953.835304996,9342586.563599437,10499945.928771317,10499555.111944752,10499639.161528433,10499631.80858564,10499969.625422755,10499627.337000793,10499147.946759803,10499751.283633035,9342553.35932156,10499601.281765068,10499607.994752163,10499903.773670731,10499950.790878948,10499878.254044646,10499953.289903909,9342555.278532565,9342554.430963421,10499957.932818757,10498986.857257273,10499993.640549343,10499978.478392173,10499351.789197221,10499964.306174718
10600000.0,10599948.904172506,9442630.519872695,10599939.11653476,10599631.064975688,10599659.481099004,10599717.103482097,10599976.495581485,10599635.724932713,10599128.296994679,10599713.025166238,9442553.744863542,10599682.002251862,10599601.414161036,10599901.890803397,10599949.818320349,10599871.270266129,10599956.321191723,9442553.126304321,9442554.267109556,10599957.440248163,10599014.158860711,10600021.171144553,10599995.084111165,10599430.577315558,10599963.42246531
10700000.0,10699937.604080398,9542663.574680656,10699920.99266049,10699731.491977911,10699698.929191008,10699828.135979233,10699979.57680559,10699667.919444805,10699158.431025926,10699660.038518956,9542554.821659518,10699790.885498542,10699617.807676746,10699904.498134945,10699945.208106948,10699869.411736071,10699960.836738763,9542548.042684292,9542554.63463116,10699955.665542666,10699107.754063085,10700034.748492975,10700003.126166096,10699555.409689814,10699962.618401308
10800000.0,10799921.70589154,9642679.076153833,10799894.4071385,10799840.694287058,10799752.720156144,10799948.680746866,10799977.770650288,10799722.336997125,10799242.541086646,10799602.988139398,9642556.49462762,10799912.522217479,10799658.640317118,10799912.030142842,10799937.706093855,10799874.200355435,10799966.27738919,9642540.7315368,9642555.532167263,10799952.86562466,10799262.167142987,10800031.102425866,10800000.175310135,10799710.885523874,10799962.006924449
10900000.0,10899904.83078518,9742675.046319274,10899865.491206693,10899940.838128299,10899812.883860165,10900060.510856569,10899971.352861809,10899793.053333221,10899374.758525303,10899556.256242996,9742558.571441852,10900028.79083968,10899720.834793136,10899924.058348328,10899929.07571945,10899886.092059057,10899971.918326318,9742532.767610593,9742556.877469368,10899949.649580905,10899459.771705335,10900011.840998929,10899986.882832391,10899875.123540414,10899961.696735332
11000000.0,10999891.525483608,9842654.505735302,10999842.07074701,11000016.085344065,10999869.97102275,11000147.45388089,10999961.93386977,10999870.83202073,10999539.555439044,10999533.84794938,9842560.794626374,11000122.857624229,10999797.067732807,10999939.305038406,10999921.57213276,10999904.23956481,10999977.013057645,9842526.20988544,9842558.516958877,10999946.785850676,10999673.95358073,10999982.872632142,10999966.8455417,11000024.430830726,10999961.766340833
11100000.0,11099886.013016239,9942624.416945774,11099831.503820522,11100056.19762449,11099915.173750209,11100198.874346543,11099952.029735837,11099944.993622245,11099714.609348072,11099545.238820925,9942562.88702142,11100182.811656691,11099877.133614568,11099955.861021008,11099917.273086531,11099926.565181233,11099980.939135727,9942523.046700057,9942560.249878671,11099944.967120292,11099874.618927963,11099952.621790428,11099945.61920972,11100138.433326619,11099962.241004996
11200000.0,11199890.968267038,10042593.576615226,11199838.548484651,11200058.626603507,11199942.28307845,11200211.671549452,11199944.359414026,11200005.650156504,11199875.438110033,11199592.364511203,10042564.600434775,11200203.980568696,11199950.044524757,11199971.557808014,11199917.462759508,11199950.137085998,11199983.310733292,10042524.625904553,10042561.862000221,11199944.6028189,11200034.613269562,11199929.566012917,11199929.15352172,11200204.306477437,11199963.078732572
11300000.0,11299906.669158347,10142570.074853733,11299863.871197281,11300028.544151185,11299948.95101167,11300190.312625736,11299941.065773934,11300045.727772214,11300000.599902159,11299668.641033594,10142565.756959824,11300189.356545836,11300006.32778237,11299984.403404731,11299922.247183712,11299971.76063721,11299984.032765443,10142531.23254059,10142563.161880549,11299945.699519798,11300135.34834974,11299919.806478968,11299922.090558305,11300219.01254815,11299964.169943726
11400000.0,11399930.775553545,10242559.04983749,11399903.637139967,11399976.858541103,11399936.92459452,11400144.975037633,11399943.08319096,11400062.261526369,11400076.08748189,11399760.333909495,10242566.274118884,11400148.09733004,11400039.92790966,11399992.973489532,11399930.510627983,11399988.637105536,11399983.286644941,10242541.938977648,10242564.011801124,11399947.862082137,11400170.171478527,11399925.365889743,11399926.412761992,11400189.028965259,11399965.352070985
11500000.0,11499958.81605922,10342561.370766897,11499950.326369379,11499916.827236904,11499911.21438398,11500088.387495551,11499949.836950988,11500056.652192868,11500097.783572132,11499849.919795727,10342566.16940459,11500092.59437708,11500049.232475828,11499996.662291294,11499940.22254472,11499998.923826093,11499981.455871679,10342554.77905782,10342564.347176705,11499950.412452424,11500144.67536255,11499943.694101945,11499940.833318044,11500127.757232493,11499966.43697511
11600000.0,11599985.264092341,10442573.608691288,11599994.573798105,11599860.257310482,11599878.460737878,11600032.291927297,11599959.36779723,11600033.86275133,11600071.404589534,11599920.50023284,10442565.544525051,11600034.972427363,11600036.98713264,11599995.735115057,11599949.00227693,11600002.056253832,11599979.014311165,10442567.207606908,10442564.180719346,11599952.588068461,11600074.014350653,11599968.511221722,11599961.11485688,11600051.42459605,11599967.245465342
11700000.0,11700004.916797128,10542589.279787183,11700027.537056558,11699814.383145098,11699844.983777683,11699984.520188166,11699968.855268812,11700000.818988504,11700010.064744378,11699960.01685721,10542564.55470744,11699984.008690357,11700009.171394296,11699991.17782434,11699954.77475035,11699998.757428145,11699976.408558633,10542576.726345193,10542563.59156797,11699953.75924859,11699978.10225594,11699991.729368035,11699981.239201443,11699974.666203542,11699967.641529424
11800000.0,11800014.20166836,10642600.974534383,11800043.140997404,11799780.304482654,11799815.084232695,11799947.475014258,11799975.39874201,11799964.483524634,11799930.231015105,11799964.080223104,10642563.371293338,11799943.309156438,11799973.184098886,11799984.391557911,11799956.325266698,11799990.744226912,11799973.964918137,10642581.508695554,10642562.70273634,11799953.600143038,11799876.097724983,11800005.879792547,11799995.105035877,11799907.015430778,11799967.558407634
11900000.0,11900012.053763555,10742602.729003273,11900039.57987657,11899753.41213958,11899790.082221018,11899918.384369671,11899976.83954408,11899930.14294459,11899847.241423644,11899936.640291035,10742562.146957908,11899911.199819447,11899935.861261193,11899976.82004267,11899953.593474267,11899980.220038751,11899971.84286544,10742580.85454292,10742561.65287406,11899952.163064064,11899781.714585222,11900006.327067075,11899998.275112603,11899851.23553983,11899967.010613544
12000000.0,12000000.125345388,10842591.92795727,12000019.667759443,11999725.645449793,11999768.360954393,11999891.176255727,11999972.392644146,11999900.366967624,11999771.629315171,11999888.360405583,10842560.991175182,11999882.285010165,11999901.873977756,11999969.6107663,11999947.624955779,11999969.29717022,11999970.042265581,10842575.351513322,10842560.568991892,11999949.835740412,11999700.609357256,11999992.619976027,11999989.275985923,11999803.87738525,11999966.089075265
12100000.0,12099982.275670676,10942570.174223786,12099989.952058705,12099688.880460694,12099746.384345494,12099859.345723374,12099962.907709282,12099874.892129693,12099707.228715735,12099833.214492446,10942559.96030674,12099850.136201818,12099872.927464172,12099963.39738502,12099940.200874079,12099959.505821122,12099968.456065366,10942566.699680602,10942559.546075866,12099947.196974277,12099630.477160664,12099968.588552129,12099970.078123515,12099757.794278331,12099964.940660456
12200000.0,12199963.487472357,11042542.86891284,12199958.84887374,12199638.403845986,12199720.366057793,12199818.897213703,12199950.68173157,12199851.408240752,12199651.504472064,12199784.321152544,11042559.062356487,12199810.245142477,12199847.940519128,12199958.252985215,12199933.261111151,12199951.51629759,12199966.947602887,11042557.248562614,11042558.637155304,12199944.817038378,12199563.693274496,12199941.167812439,12199945.615227522,12199705.77048131,12199963.736881983
12300000.0,12299948.51321622,11142517.628770377,12299934.326046964,12299575.39265378,12299688.068956053,12299770.431871608,12299938.870354407,12299826.962356012,12299597.898974849,12299750.228916548,11142558.27275699,12299762.305276345,12299824.096394988,12299953.813741794,12299928.297114762,12299945.136924844,12299965.426076276,11142549.373631757,11142557.854618762,12299943.066245193,12299491.590478083,12299918.301173436,12299922.471913263,12299644.096060514,12299962.639188139
12400000.0,12399940.624881389,11242502.00741326,12399921.778094051,12399507.6054746,12399650.167508088,12399719.713503122,12399930.656367304,12399799.517481428,12399539.39656664,12399732.72489798,11242557.554652207,12399711.095032299,12399798.40254234,12399949.523608707,12399925.898749754,12399939.569495114,12399963.895614784,11242544.861838588,11242557.18029756,12399941.992449954,12399408.98235139,12399906.542806143,12399907.101056304,12399574.947222436,12399961.768408805
12500000.0,12499940.80875488,11342501.191809416,12499922.677847564,12499448.009993985,12499610.727968765,12499676.50729086,12499928.402154703,12499769.165193772,12499472.153615164,12499726.794348333,11342556.877282392,12499665.661249237,12499769.253166229,12499944.91834742,12499925.59398096,12499933.831586966,12499962.463513417,11342544.47193752,11342556.58047905,12499941.30803965,12499317.481272109,12499909.06633875,12499904.06384027,12499506.79993433,12499961.18521668
12600000.0,12599947.618811904,11442516.355788874,12599934.36738528,12599411.668408088,12599576.614317896,12599652.00128488,12599933.01728574,12599738.601197692,12599398.033302508,12599722.727184199,11442556.227019802,12599637.00967498,12599737.494902436,12599939.858349584,12599926.032159973,12599927.209233614,12599961.306260174,11442547.784923868,11442556.020802436,12599940.493030563,12599226.533660378,12599924.67123828,12599914.779354488,12599452.69752538,12599960.885024486
12700000.0,12699957.71602319,11542544.167094788,12699951.027762486,12699411.709234383,12699555.939988207,12699655.545206176,12699943.713577852,12699712.698500142,12699325.223039161,12699709.728176948,11542555.608808028,12699634.956043052,12699706.65112832,12699934.638288917,12699925.458444063,12699919.59886273,12699960.605853155,11542553.378708582,11542555.477032775,12699938.985117923,12699151.785975143,12699948.090879912,12699937.130020238,12699426.833486652,12699960.807393536
12800000.0,12799966.927334039,11642577.612187056,12799965.531835519,12799455.494159253,12799555.966192227,12799691.655467603,12799958.212784681,12799697.285499863,12799266.69099006,12799679.929887274,11642555.038936853,12799665.049971135,12799682.215804886,12799929.940503217,12799922.337539406,12799911.633648798,12799960.478155436,11642559.270794027,11642554.939345328,12799936.399337955,12799111.190397171,12799971.525828483,12799966.030726045,12799440.415370936,12799960.856404332
12900000.0,12899971.51322965,11742607.917631768,12899971.63448391,12899542.067500642,12899581.019660275,12899758.181148458,12899973.34723089,12899697.47720004,12899236.882742342,12899631.576533701,11742554.533158507,12899726.484608896,12899670.208314713,12899926.647377329,12899915.937141148,12899904.556179373,12899960.917840866,11742563.49953716,11742554.41033484,12899932.708923627,12899119.932321064,12899986.962480111,12899994.799972335,12899498.008483045,12899960.926377168
13000000.0,12999969.277322136,11842627.019839557,12999965.862567507,12999661.651320275,12999631.016284445,12999846.212419488,12999985.885117458,12999716.046972731,12999247.58446004,12999570.384523751,11842554.09497084,12999811.64283317,12999675.404100552,12999925.57036108,12999906.688620312,12999899.87554793,12999961.778826296,11842564.677977214,11842553.898454847,12999928.327375231,12999185.630755624,12999988.598548291,13000016.94596175,12999595.45347726,12999960.926056473
13100000.0,13099960.202789528,11942629.867420452,13099948.561942512,13099797.400150051,13099701.027819175,13099941.823588511,13099993.352523223,13099752.326156573,13099304.144127026,13099508.618520051,11942553.709065916,13099907.474556448,13099699.760574343,13099927.179099428,13099896.20501442,13099898.912185714,13099962.798533551,11942562.36606303,11942553.41036594,13099924.059472838,13099305.23094487,13099974.65871678,13100027.867023692,13099720.032639751,13099960.795952866
13200000.0,13199946.440747261,12042615.88309935,13199923.808940822,13199928.999398217,13199782.051653178,13200029.211988727,13199994.628196776,13199801.976198547,13199403.173322923,13199462.085825313,12042553.342491996,13199998.372924767,13199741.511956375,13199931.414076405,13199886.934398115,13199902.367143245,13199963.660110034,12042557.161454497,12042552.94524676,13199920.92616619,13199464.572441446,13199948.056858595,13200025.99543603,13199852.929580068,13199960.515423188
13300000.0,13299931.664355084,12142589.154039176,13299898.224603932,13300037.165335897,13299862.814792618,13300094.381139731,13299990.15485378,13299857.733261585,13299532.461589765,13299445.85635876,12142552.953339253,13300069.776401108,13299795.223486094,13299937.64187725,13299881.533560121,13299910.046198849,13299964.074713709,12142550.491218545,12142552.493210759,13299919.905868283,13299640.87949512,13299915.694598895,13300013.078403678,13299973.363369804,13299960.099193126
13400000.0,13399919.984156543,12242557.286648603,13399879.044307861,13400107.845529996,13399932.155361483,13400128.351080842,13399981.721132644,13399910.946740547,13399673.22066417,13399469.895760667,12242552.504095398,13400111.505487863,13399852.824539004,13399944.770322362,13399882.131290354,13399920.82456319,13399963.859283693,12242544.172239637,12242552.038379805,13399921.661192084,13399807.581354553,13399886.579776077,13399993.539169297,13400063.281265661,13399959.585940698
13500000.0,13499914.742940957,12342529.245684557,13499872.004532656,13500135.0102054,13499981.362986881,13500129.013902988,13499971.889045632,13499953.502015673,13499804.105707103,13499535.854266068,12342551.97470284,13500119.917109497,13499905.35839029,13499951.49325972,13499889.687648376,13499932.867693083,13499962.98558159,12342539.872226324,12342551.56504507,13499926.32730198,13499940.179192513,13499869.28876648,13499973.121226674,13500111.32366452,13499959.023066467
13600000.0,13599917.539643284,12442512.789702011,13599879.657104539,13600121.337826194,13600005.873677135,13600101.14636793,13599963.239422623,13599979.604821779,13599905.937437724,13599635.964916969,12442551.370561685,13600098.304047761,13599944.97798942,13599956.596814767,13599903.635156322,13599944.04941864,13599961.584785711,12442538.629071692,12442551.064478928,13599933.424382832,13600021.559773978,13599869.49016406,13599957.216665387,13600114.988804989,13599958.452614123
13700000.0,13699927.762188653,12542512.233854504,13699900.595759181,13700076.698068505,13700005.899117831,13700054.619646998,13699957.654004138,13699986.94322783,13699965.838912666,13699754.436013142,12542550.721822364,13700055.47159363,13699966.644059787,13699959.24022307,13699921.913253376,13699952.45061293,13699959.904688358,12542540.565842394,12542550.539238853,13699941.924199473,13700045.320252953,13699888.23939324,13699949.360386819,13700080.451182587,13699957.901919201
13800000.0,13799942.760353295,12642527.185312392,13799929.816650165,13800014.941643663,13799985.869654639,13800001.352860456,13799955.836823117,13799976.923124963,13799979.674730001,13799871.023324022,12642550.073389955,13800002.938189317,13799969.068138469,13799959.131983235,13799941.400124507,13799956.798507696,13799958.231237067,12642544.879683446,12642550.002876727,13799950.459540484,13800016.258919826,13799921.546030771,13799950.316178843,13800020.16043724,13799957.380884627
13900000.0,13899958.603300389,12742552.626441149,13899960.106133277,13899949.948712708,13899952.89493821,13899951.899813054,13899957.203823281,13899953.938837582,13899952.180064214,13899965.837005012,12742549.468237257,13899951.584552066,13899954.661450474,13899956.552796196,13899958.635142947,13899956.724370833,13899956.79743962,12742550.101841848,12742549.474571098,13899957.626000082,13899948.007030815,13899961.36069539,13899958.004258445,13899948.964710472,13899956.885452518
14000000.0,13999971.196509635,12842580.338434814,13999984.050429622,13999892.054504719,13999914.704559805,13999912.64761107,13999960.160030464,13999923.913455777,13999894.83173246,14000024.072373744,12842548.929012667,13999908.71653273,13999928.534928396,13999952.221655132,13999970.642433632,13999952.77047688,13999955.707185801,12842554.546610516,12842548.969948152,13999962.299293589,13999858.574314756,13999997.723561814,13999968.273047011,13999879.894802652,13999956.404729245
14100000.0,14099977.429809531,12942601.270975474,14099996.081893206,14099845.828256568,14099877.654696634,14099884.421152113,14099962.670403842,14099892.546074508,14099822.14321509,14100039.372954655,12942548.444309251,14099876.37679184,14099896.863257382,14099947.047858017,14099975.636154363,14099946.150934737,14099954.898375059,12942556.813011767,12942548.491246212,14099963.886265438,14099765.133874843,14100021.479224823,14099976.271909729,14099820.815345777,14099955.928542962
14200000.0,14199976.021718746,13042608.184572598,14199993.969215963,14199809.771876944,14199845.345085619,14199862.87725782,14199962.945763383,14199863.778316876,14199747.484396087,14200014.931584518,13042547.964943344,14199851.37385182,14199865.099756237,14199941.84509153,14199973.419115178,14199938.342447087,14199954.158711769,13042556.189289551,13042548.020495962,14199962.444660027,14199679.543784104,14200026.793712638,14199978.007375991,14199772.882739613,14199955.452273639
14300000.0,14299967.817526082,13142597.80743707,14299979.326471811,14299777.93958717,14299818.198901502,14299840.548028491,14299960.034219729,14299838.921019275,14299679.629817188,14299962.082787573,13142547.413042044,14299826.993634433,14299836.562262869,14299937.09488671,14299965.370279377,14299930.630230635,14299953.192348706,13142552.84119548,13142547.51896452,14299958.641658656,14299605.859997563,14300012.76227566,14299971.615332168,14299731.218406616,14299954.97719151
14400000.0,14399955.461135983,13242571.884631826,14399957.006364906,14399742.916168036,14399794.070584178,14399809.903140875,14399954.139742827,14399816.683699401,14399621.005656492,14399896.837940851,13242546.703021752,14399795.859376818,14399811.794344135,14399932.831940413,14399954.029292576,14399923.746486979,14399951.720246019,13242547.730853215,13242546.934484784,14399953.564159082,14399540.50421943,14399983.655050585,14399957.970105136,14399687.552481007,14399954.506466987
14500000.0,14499942.545242937,13342536.812683098,14499933.569111045,14499699.194081225,14499769.644738795,14499766.491612513,14499946.573192503,14499794.08006474,14499568.099343322,14499835.366532816,13342545.769752102,14499753.058511253,14499788.87367982,14499928.68719053,14499942.395740032,14499917.710386619,14499949.586188901,13342542.294019075,13342546.215927163,14499948.432957903,14499474.966383224,14499947.733601555,14499940.450917441,14499634.003208872,14499954.038850792
14600000.0,14599932.496877547,13442501.953581287,14599915.285198249,14599645.879552081,14599742.159842739,14599711.191171434,14599939.352078177,14599767.91943044,14599513.8532323,14599789.690763928,13442544.596410295,14599698.56684496,14599764.555886958,14599924.076594692,14599933.136862503,14599911.917534357,14599946.837126018,13442537.975791644,13442545.331585601,14599944.297595603,14599400.162686748,14599914.971595073,14599923.936690055,14599566.80914273,14599953.563068468
14700000.0,14699927.532340348,13542477.093256256,14699906.26318772,14699587.86859358,14699710.901217742,14699650.8491572,14699934.570975387,14699736.414342985,14699451.267394464,14699764.777270414,13542543.233927818,14699638.199972576,14699735.889582748,14699918.478588251,14699927.919592693,14699905.451237086,14699943.752334004,13542535.767363342,13542544.286695663,14699941.792325022,14699311.06409395,14699894.315932343,14699913.328257225,14699488.834958643,14699953.056137444
14800000.0,14799927.994553205,13642469.748619242,14799907.255711991,14799535.098265396,14799677.983899305,14799597.06405949,14799933.733403403,14799700.392681973,14799377.064725077,14799757.803681696,13642541.805204725,14799582.74779797,14799701.791550862,14799911.71393315,14799927.044752575,14799897.519124033,14799940.808860682,13642535.886186592,13642543.134597445,14799941.01505662,14799210.116601238,14799891.249181654,14799912.036722828,14799410.026602102,14799952.487390818
14900000.0,14899932.273695732,13742483.071830394,14899915.499294214,14899500.054869987,14899648.164615981,14899563.394286258,14899937.249015322,14899663.712590758,14899294.241973627,14899759.755249599,13742540.491149962,14899545.47411767,14899664.0753569,14899904.138019271,14899929.474936992,14899887.878183572,14899938.588246671,13742537.699844431,13742541.977468334,14899941.556542076,14899108.325461967,14899906.329173239,14899920.889471803,14899345.588691022,14899951.828345224
15000000.0,14999937.339128735,13842514.937413946,14999925.639915776,14999494.239714634,14999627.71566831,14999561.737245185,14999944.251975687,14999632.70749812,14999212.652121736,14999758.834864765,13842539.499831874,14999538.637915451,14999627.581023118,14999896.677918755,14999933.235977173,14999877.1101949,14999937.645553723,13842539.920783253,13842540.954503912,14999942.664946081,14999023.558917085,14999935.108251441,14999937.786030615,14999312.318100952,14999951.0659116
15100000.0,15099939.72844569,13942558.470974261,15099931.474418327,15099524.611932518,15099622.677233737,15099598.875482794,15099952.80262278,15099614.771264425,15099147.339050833,15099744.644231867,13942539.025055788,15099569.988419179,15099599.313892093,15099890.690209577,15099936.067985045,15099866.650353946,15099938.373333354,13942541.01775512,13942540.219038162,15099943.49469132,15098976.437598208,15099969.447339466,15099958.21909513,15099324.069072206,15099950.215234796
15200000.0,15199936.699923074,14042603.87371965,15199927.990905562,15199591.058229834,15199636.995413061,15199674.167264966,15199960.420252226,15199616.447655914,15199115.001679152,15199711.874128869,14042539.203367215,15199640.220785607,15199586.790365485,15199887.666729065,15199936.133506145,15199858.541508099,15199940.89525804,14042539.722557776,14042539.908637004,15199943.366329664,15198984.882963479,15199999.844296755,15199976.521370387,15199387.601169406,15199949.327350555
15300000.0,15299927.201656155,14142641.030914022,15299913.096391154,15299685.671324482,15299671.099186193,15299779.068446148,15299964.795579746,15299641.544543484,15299129.518987032,15299662.398716474,14142540.079993626,15299742.141627155,15299596.026565634,15299888.861406192,15299932.578536654,15299854.96699833,15299945.017944915,14142535.479587447,14142540.114933465,15299941.964116162,15299058.816970943,15300018.108775698,15299987.482748346,15299499.999042666,15299948.488255708
15400000.0,15399912.358794712,14242662.170701815,15399888.504870784,15399794.116564965,15399721.354353499,15399898.679023232,15399964.474664873,15399689.805045312,15399197.768706284,15399605.149357267,14242541.591990365,15399861.837382903,15399629.724196972,15399894.936822178,15399925.787808683,15399857.6815217,15399950.254473653,14242528.698434561,14242540.860003946,15399939.41746474,15399196.523121133,15400019.621099312,15399987.867655583,15399648.45658814,15399947.807504985
15500000.0,15499895.317895476,14342663.8317298,15499859.500718212,15499898.767885638,15499780.588905081,15500014.945086587,15499959.31112556,15499756.531317603,15499316.94042443,15499553.79841604,14342543.573354619,15499981.585497718,15499686.17366408,15499905.728529058,15499917.266888428,15499867.494479893,15499955.915219352,14342520.725038918,14342542.08532011,15499936.247566476,15499383.780170305,15500004.540997382,15499977.386548925,15499812.582957404,15499947.39769289
15600000.0,15599880.47318339,14442647.604098368,15599833.617758583,15599982.773825368,15599839.578583838,15600110.676550549,15599950.548167905,15599833.304751376,15599474.175043156,15599522.917355955,14442545.781720327,15600083.755026137,15599759.212674402,15599920.19677451,15599909.192160543,15599883.952178903,15599961.244444914,14442513.52778406,14442543.656618189,15599933.199600497,15599596.14755198,15599977.641606359,15599958.830726791,15599968.682188233,15599947.349001851
15700000.0,15699872.279727865,14542619.464141803,15699818.589026164,15700033.934135173,15699889.10214898,15700173.307953965,15699940.497604754,15699909.646763468,15699648.741667507,15699523.710485836,14542547.94067877,15700154.660008857,15699839.295733733,15699936.586449543,15699903.764277004,15699905.315322217,15699965.569179999,14542509.17801015,14542545.383968916,15699931.012822174,15699803.903060216,15699946.840509702,15699937.319817808,15700094.890364623,15699947.704485659
15800000.0,15799873.98318505,14642587.923857728,15799820.138742719,15800047.32013993,15799922.00833697,15800197.409611303,15799931.900521502,15799975.203585867,15799816.255785769,15799560.553539881,14642549.788690295,15800187.347255792,15799915.42505814,15799952.761530882,15799902.555877661,15799928.851146761,15799968.424908498,14642509.26724423,14642547.053396417,15799930.197873434,15799978.366819335,15799920.868395632,15799918.86775597,15800175.806302287,15799948.442873048
15900000.0,15899886.627035258,14742561.54362267,15899840.244027179,15900025.93861578,15899934.730302744,15900185.320910526,15899927.147518352,15900021.891277691,15899953.854783328,15899629.349584226,14742551.123564642,15900182.61150846,15899977.452053959,15899966.632973101,15899906.043019477,15899951.37426691,15899969.62876875,14742514.425507726,14742548.463140948,15899930.88619051,15900097.93584131,15899906.75248829,15899908.670267226,15900205.403709713,15899949.473827682
16000000.0,15999908.628235769,14842546.525237119,15999876.374228327,15999979.304476267,15999927.842637494,16000145.81264022,15999927.580616692,16000045.450123003,16000044.967235746,15999718.208791627,14842551.833104903,16000148.037733134,16000018.154769458,15999976.574198443,15999913.454770716,15999969.90274653,15999969.28554456,14842524.0814404,14842549.45694327,15999932.794054277,16000152.24228936,15999907.835915772,15999909.601467246,16000187.5154969,15999950.648197493
16100000.0,16099936.057521269,14942545.067181448,16099921.94908585,16099920.378386604,16099905.530927423,16100091.228026941,16099933.079486981,16100046.025133459,16100082.432569254,16099810.295148114,14942551.905904453,16100095.416520948,16100034.560846884,16099981.721669357,16099922.981620269,16099982.263990598,16099967.729239918,14942536.540198093,14942549.947350986,16099935.309053507,16100143.403637033,16099922.894374873,16099921.353591427,16100133.87009704,16099951.782027857
16200000.0,16199963.564205494,15042554.937630076,16199967.91560847,16199861.774141511,16199874.152843105,16200033.951355346,16199942.057066703,16200027.661380999,16200069.207984723,16199888.05163067,15042551.421301955,16200037.3096142,16200028.198495012,16199982.089300975,16199932.278728604,16199987.498688936,16199965.41942946,15042549.367573544,15042549.92460116,16199937.670574663,16200084.16795892,16199946.592842517,16199940.476271864,16200060.327190008,16199952.689728606
16300000.0,16299985.702305956,15142570.365472429,16300005.023671476,16299812.32841401,16299840.323142568,16299983.206146598,16299951.874623038,16299996.898668915,16300016.583236985,16299937.608442212,15142550.522342984,16299983.745674187,16300004.2551173,16299978.475353032,16299939.114616944,16299985.965904683,16299962.821993494,15142559.982628077,15142549.449978504,16299939.188547526,16299993.610203484,16299971.135819862,16299961.317665823,16299982.42176628,16299953.219206521
16400000.0,16399998.298811052,15242583.965649895,16400026.17686665,16399775.007260654,16399809.082576822,16399943.059430677,16399959.566628067,16399960.886505747,16399940.50282956,16399952.127728498,15242549.379433565,16399939.955733227,16399969.918284409,16399972.195350451,16399941.975035707,16399979.133244669,16399960.306044403,15242566.301370427,15242548.636231357,16399939.434436573,16399891.666369427,16399988.617005093,16399977.610871093,16399911.4689882,16399953.281124078
16500000.0,16499999.490118876,15342589.113810409,16500028.209883854,16499746.73165401,16499782.67785238,16499912.142407808,16499962.675472181,16499925.553878158,16499857.080735452,16499933.158911388,15342548.153857552,16499905.737297606,16499932.384349268,16499964.718938548,16499940.446898408,16499969.119682467,16499958.082123479,15342567.25769515,15342547.62031144,16499938.34782681,16499794.048528902,16499993.371521847,16499984.26032821,16499852.281734964,16499952.865528807
16600000.0,16599990.144283153,15442582.057396093,16600012.60526815,16599720.143017488,16599760.29652525,16599885.091457224,16599959.961964283,16599894.33172777,16599778.5661409,16599889.667021498,15442546.969585273,16599876.554304697,16599897.09150075,16599957.3108058,16599935.273886822,16599958.122262774,16599956.193675043,15442563.06030474,15442546.535144085,16599936.22833939,16599708.917855078,16599983.638053967,16599978.821263874,16599803.066883437,16599952.042071491
16700000.0,16699973.557701385,15542563.134283548,16699984.961670538,16699686.755166952,16699738.817553967,16699855.208378183,16699951.789861577,16699867.752021141,16699710.846915862,16699835.068200266,15542545.898877088,16699845.970603906,16699866.650222188,16699950.769991402,16699928.073294044,16699947.884157648,16699954.558010764,15542555.116333986,15542545.486759761,16699933.617764499,16699636.15772937,16699962.047245443,16699962.249518653,16699757.425522244,16699950.943873102
16800000.0,16799954.515693184,15642536.73914994,16799953.374075692,16799640.520452417,16799714.335205562,16799817.482245903,16799940.072234783,16799843.98537597,16799653.111955285,16799783.165714588,15642544.962844005,16799808.624505162,16799840.73033542,16799945.330111407,16799920.80370485,16799939.343699925,16799953.03888343,15642545.643382447,15642544.540977485,16799931.11054226,16799569.325029142,16799934.801458575,16799938.70441453,16799707.764463905,16799949.73869452
16900000.0,16899937.981260803,15742510.050247706,16899926.18589107,16899580.70580755,16899683.980438262,16899771.01621674,16899927.789782565,16899820.10452618,16899599.65986838,16899744.176762097,15742544.14460181,16899762.799395353,16899816.881429825,16899940.735664826,16899915.146912348,16899932.54879164,16899951.52533598,15742537.077091899,15742543.721566057,16899929.153119024,16899499.572853904,16899909.795416344,16899914.454453345,16899649.01410995,16899948.594492327
17000000.0,16999927.775039643,15842490.892673954,16999909.739831686,16999513.169357087,16999647.467917416,16999720.08888591,16999918.209603533,16999793.650407378,16999543.21240104,16999721.99914907,15842543.408848628,16999711.774778415,16999791.990545087,16999936.458199408,16999911.99156622,16999926.842436388,16999949.99057134,15842531.435537659,15842543.018008376,16999927.895506024,16999420.257965676,16999894.233997602,16999896.186141923,16999581.465446796,16999947.646780226
17100000.0,17099925.608644355,15942485.36773032,17099906.748882096,17099449.592981737,17099607.87125821,17099673.495419424,17099914.017287586,17099763.995731488,17099478.652700853,17099713.50356206,15942542.721544396,17099663.51501357,17099763.89930481,17099931.9782875,17099911.17637746,17099921.24849372,17099948.513142336,15942529.812728908,15942542.39964116,17099927.14358323,17099330.752786722,17099892.449950516,17099889.183583163,17099511.81463402,17099946.975383412
17200000.0,17199930.730751503,16042495.948106714,17199915.729500484,17199404.817201912,17199571.34913183,17199642.328412697,17199916.598834805,17199733.0678704,17199405.991458565,17199710.043932438,16042542.0634277,17199628.751578532,17199732.66210857,17199927.04221386,17199911.57237162,17199914.93053607,17199947.254674602,16042532.135283548,16042541.830978965,17199926.429235533,17199238.23264001,17199904.56727001,17199895.88206953,17199452.046293166,17199946.59479368
17300000.0,17299940.272006962,16142520.60904073,17299931.6382678,17299392.975318648,17299545.849189796,17299636.82493378,17299925.66847648,17299705.19066883,17299331.607022643,17299700.721583538,16142541.434325218,17299617.99498678,17299701.041796617,17299921.813594516,17299911.482426457,17299907.579833996,17299946.403017618,16142537.24278053,16142541.284023115,17299925.17963096,17299156.825731028,17299926.413667507,17299915.19639758,17299416.43352367,17299946.45946394
17400000.0,17399950.17728733,16242553.268566914,17399947.51105093,17399423.481887184,17399539.11570996,17399663.19178209,17399939.342788357,17399686.07148573,17399267.329098828,17399676.40877273,16242540.848285427,17399638.33688404,17399674.07170006,17399916.873785697,17399909.239528842,17399899.613065004,17399946.100484792,16242543.261763597,16242540.744650485,17399922.93524667,17399104.302027658,17399950.721922074,17399942.809165463,17399417.49441323,17399946.48152015
17500000.0,17499956.44901569,16342585.428616017,17499956.61892886,17499498.002157953,17499556.537548527,17499721.348282587,17499954.638013814,17499681.217850003,17499227.580224253,17499633.299460143,16342540.322503364,17499690.98330142,17499657.794501934,17499913.071665168,17499903.82258909,17499892.119541995,17499946.38146296,16342548.16232025,16342540.21228171,17499919.549189366,17499097.208203226,17499969.27913608,17499972.335811954,17499462.068213403,17499946.555496927
17600000.0,17599956.340777583,16442608.553243514,17599954.511531863,17599609.290525872,17599599.43682043,17599804.28459191,17599968.251015633,17599694.2436912,17599225.367852572,17599574.886676196,16442539.865067543,17599770.272456214,17599657.536932275,17599911.269477487,17599895.299441423,17599886.574019864,17599947.140970185,16442550.337607382,16442539.694428315,17599915.303491298,17599145.82983444,17599975.397899345,17599997.037402805,17599548.672072332,17599946.58367744
17700000.0,17699949.159973793,16542616.496889042,17699940.358102374,17699742.290578462,17699664.295303006,17699899.283701066,17699977.407077502,17699725.567745592,17699268.27283714,17699511.724947408,16542539.46647478,17699864.520504788,17699676.22353302,17699912.062761925,17699884.953503676,17699884.40137239,17699948.145896096,16542549.04348489,16542539.199000442,17699910.900189515,17699250.453300733,17699965.98093325,17700011.599726822,17699666.965395983,17699946.49591541
17800000.0,17799936.455794908,16642607.274447965,17799917.20714954,17799877.265326694,17799743.170207422,17799990.720587246,17799980.542477928,17799771.90431113,17799355.613028005,17799458.981570765,16642539.09838249,17799958.517420314,17799713.232476056,17799915.56057851,17799875.040936194,17799886.523985848,17799949.087355908,16642544.578609174,16642538.727742637,17799907.320676703,17799400.077896606,17799942.56422044,17800013.483708903,17799799.56583366,17799946.259922188
17900000.0,17899921.548543528,16742583.652994782,17899891.102158446,17899994.150003396,17899825.228011105,17900063.688277677,17899977.639825493,17899826.725888405,17899477.65912246,17899432.42185731,16742538.720266446,17900037.012743652,17899764.150247425,17899921.29462063,17899868.23259005,17899893.0284323,17899949.65942733,16742538.1614507,16742538.273313256,17899905.58542679,17899574.064509016,17899911.018255975,17900003.48036734,17899925.786181446,17899945.880788125
18000000.0,17999908.54591991,16842552.38543699,17999869.320161536,18000076.968165893,17999899.01517929,18000107.45201735,17999970.134848528,17999881.60038025,17999617.21671865,17999443.933985848,16842538.2918517,18000088.235600572,17999821.529925738,17999928.288029253,17999866.88904373,17999903.053804904,17999949.640949544,16842531.547849055,16842537.821064826,17999906.476991285,17999746.373381183,17999879.974788222,17999985.33468974,18000026.29525162,17999945.391557917
