Ip,0,1,2,3,4,5,6,7,8,9,10,11,12,13,14,15,16,17,18,19
0.0,0.0,0.0,0.0,0.0,0.0,0.0,0.0,0.0,0.0,0.0,0.0,0.0,0.0,0.0,0.0,0.0,0.0,0.0,0.0,0.0
100000.0,93462.3162497966,94537.29729156313,94146.60260226615,92074.1651912493,93758.19107202918,94233.59331303679,94241.1162349094,94446.05638846944,94341.099399221,94291.10213900016,94690.41039048224,94507.96821688459,93563.74974357184,94004.42547011112,93548.85802472848,95356.00135508885,94469.67396287221,92466.88572219909,93144.45049299423,93944.17060795867
200000.0,186417.4827593418,189056.92065481623,187904.44594872964,183274.14623897223,187331.5211645962,188126.78379625178,188368.43613365683,188520.51497528018,188768.61935769883,188279.41405062162,189016.0251792824,188726.3657031031,186950.30948169803,187665.38120115132,186741.90598481294,190586.35964988178,188926.6325362146,184633.00368038463,185875.89889478323,187605.9140221114
300000.0,278746.8356344339,283247.2145257553,281152.83430877957,273738.7734628065,280387.4659598661,281524.78965720144,282074.39656980167,282142.65877329,282914.27621275646,281785.6400557438,282943.73586498277,282499.2143281658,279798.4591186066,280793.0596809907,279329.3543941574,285536.4820373385,283049.0420148882,276066.0122819166,277929.3357907218,280738.1490384906
400000.0,370662.7913095805,376946.90161950473,374041.49627505237,364055.1157428376,372834.8497426592,374528.79402259586,375247.6781877933,375480.43375714024,376534.63963981194,374875.0180499303,376670.9922905938,375899.80172142625,371995.5973626277,373467.1232511851,371357.6805677457,380191.1693363722,376667.3565028418,366666.5516250425,369369.3413849752,373352.0409437964
500000.0,462717.5756419683,470240.6004896865,467004.4006818561,455203.99628706696,464909.8215121327,467521.5219463209,468058.4123829539,468953.9539882803,469633.7459172975,467891.865175108,470616.4150399312,469259.3744435396,463772.209899667,466071.86318386655,463220.49028622,474713.8313601643,469863.2496297618,456770.832654173,460641.60636674485,465771.8483971581
600000.0,555736.0635305885,563484.5812836873,560704.4199501721,548436.0349757549,557176.7044479394,561122.8798226189,560967.0038227779,563175.9997078038,562513.1082910624,561423.6648297685,565353.7032630992,563129.6957726863,555707.2769361001,559256.6410088375,555626.2934921938,569435.6164305923,562997.2588804732,547149.4541559225,552537.0209596889,558611.2261311271
700000.0,650685.7885188982,657263.8899433318,655920.7571510196,645073.1796376016,650455.2546693214,656087.2860631106,654663.2568795352,658840.6926035214,655745.488620629,656205.8352578991,661499.8154078076,658189.8172299019,648657.2129898854,653834.1344770354,649498.1646073393,664798.634172934,656666.3288751976,638926.1719771642,646085.7711896108,652683.3336729811
800000.0,748484.0488467214,752292.6163478944,753386.2911958253,746200.7465248842,745686.6716926149,753151.0740693393,749948.182051502,756569.4148903906,750084.8516431005,752976.3908038689,759568.344712963,755106.9515221857,743621.5010908575,750624.0724755806,745811.9423999581,761263.4617608538,751603.3385048017,733428.8223680463,742385.2607602933,748854.0792963409
900000.0,849738.7107309656,849267.1833224434,853582.6987702068,852233.6274251638,843738.705111475,852837.2709214762,847565.0253149793,856727.2911466951,846323.6417815879,852287.6076530515,859806.2323713588,854361.4486719338,841543.3282866724,850245.6159977082,845367.5865303887,859194.0370663101,848528.2650091191,831950.2405426503,842347.7481366954,847840.0069131086
1000000.0,954455.3309003289,948682.0726132279,956525.6426597921,962467.1627205219,945150.223360512,955244.3620824432,947987.2702242349,959246.7768609863,945103.2162673764,954297.6100861952,962053.7581227835,956061.4189721134,943039.9654457433,952879.4869398995,948501.8895999624,958739.562608212,947959.4177027212,935378.6372283226,946367.1037235797,949963.1618757152
1100000.0,1061826.9787141753,1050634.6422588648,1061621.3113622093,1074928.5424223177,1049854.4558647445,1059889.9979973065,1051198.4646368397,1063531.6150862488,1046694.2691843628,1058605.6129674618,1065693.3650570358,1059806.8442570912,1048096.8854176254,1058072.26930367,1054814.328607209,1059745.4398595172,1050010.537149699,1043715.4224129489,1053984.2174102855,1054922.4613925663
1200000.0,1170288.9720491734,1154683.9148785048,1167707.4811469102,1186856.6018521483,1156999.656941107,1165717.2707652792,1156551.1332202535,1168526.5564449814,1150803.9266851887,1164233.8309943336,1169748.2911227017,1164690.4525911615,1155850.583907907,1164709.1797293606,1163068.7063318023,1161734.8167473949,1154240.0448529404,1155682.0283721883,1163755.93103603,1161706.650562371
1300000.0,1277932.0091659864,1259858.1730254483,1273334.3519697653,1295686.206713482,1265035.8678590201,1271332.003253015,1262823.0481280077,1272976.807561821,1256515.552111241,1269832.6440651352,1273128.137525483,1269491.7305660988,1264655.1857823036,1271254.0356097452,1271436.5597326625,1263990.9739235367,1259652.6435571946,1268803.6118312723,1273548.913745141,1268776.6663927212
1400000.0,1383107.4290872451,1364870.160520084,1377187.4881991807,1399900.0296032908,1372133.9093440394,1375402.3864254383,1368521.8064414468,1375781.3817124541,1362460.0406138545,1374061.0214570551,1374925.6904706217,1373013.5465278092,1372527.7595609003,1376198.5332793319,1378052.9035092017,1365729.0889941377,1364918.6716389395,1380179.9751098792,1381222.6339212328,1374505.798762104
1500000.0,1484885.6021814144,1468479.439530747,1478442.2506996873,1499254.1583601742,1476758.2237047008,1477027.2305716558,1472325.0964344742,1476273.4929119102,1467198.9573973345,1475962.647379728,1474632.219289504,1474407.56658071,1477785.1982177312,1478496.833580787,1481592.9006832049,1466295.3959309226,1468751.1562467269,1487545.2797179592,1485316.7355481267,1477666.8205650887
1600000.0,1583162.1844816972,1569831.8874401534,1576895.2120848738,1594470.5296478798,1578078.2402522657,1575904.6751792396,1573434.2157027444,1574316.8914707259,1569643.0268183409,1575161.6755294593,1572196.4407993075,1573343.3261229096,1579509.9093952614,1577774.0072502017,1581558.6356720715,1565314.402607354,1570261.7277763926,1589905.0588485668,1585353.7792691365,1577714.464264128
1700000.0,1678475.0632349767,1668624.3747602752,1672877.0801640758,1686767.4317109627,1676046.3469081023,1672279.3789163565,1671689.9699309852,1670227.683380624,1669300.2700819673,1671836.493037665,1667945.0144540188,1669986.702033226,1677639.3495945295,1674272.7626031362,1678213.7552006901,1662737.0433292268,1669133.5044204893,1687487.774003826,1681714.4600688035,1674779.81516839
1800000.0,1771713.9649349481,1765067.67434314,1767052.2805448782,1777469.452272335,1771213.7874295348,1766759.6224527538,1767468.2060350485,1764603.7331743694,1766281.2531313049,1766551.2541943833,1762431.6135415826,1764852.9272542486,1772760.5883108026,1768647.1718412836,1772319.9288989638,1758794.6659570076,1765582.0852301724,1781304.3454530064,1775304.590595318,1769473.411334828
1900000.0,1863852.745219391,1859723.8450495687,1860204.2871576333,1867745.1315898944,1864453.3290606376,1860105.7513287368,1861468.4581826928,1858139.2047795237,1861134.896425459,1860047.3779560965,1856275.0803116998,1858620.0244342864,1865805.1914552273,1861725.8107629484,1864845.6581615075,1853896.1410687293,1860185.875796634,1872680.803674959,1867220.72976873,1862635.6281238946
2000000.0,1955746.7150359012,1953309.4154102681,1953055.5679147663,1958439.2560644757,1956705.209912708,1953046.1911324062,1954495.1533519493,1951465.4338661816,1954628.60174856,1953056.7394795862,1950020.1083466227,1951957.535237013,1957775.6666292734,1954309.5934802657,1956729.685462958,1948507.9029602448,1953682.2546034788,1962918.3265635073,1958496.1729727008,1955116.9435266696
2100000.0,2047993.7805912269,2046518.8789475213,2046135.6932291067,2049973.4854754761,2048783.9164588181,2046139.0415246473,2047277.2240538476,2045033.331661903,2047546.1462028318,2046158.2863280869,2044035.5723252066,2045392.870366563,2049541.785854231,2047021.6231393942,2048711.7943344957,2043044.5178780318,2046786.1227061301,2053076.4959741274,2049927.521493855,2047612.196859757
2200000.0,2140857.507859544,2139888.7402566364,2139703.2857366274,2142323.0484157507,2141245.7534872517,2139685.4893256547,2140337.474779954,2139046.231175672,2140529.5967958933,2139685.0364214648,2138461.24541634,2139224.6695936928,2141702.411796284,2140211.996827081,2141225.2779159485,2137786.561251197,2140050.7839651094,2143839.0833582743,2141967.5573670976,2140550.736886506
2300000.0,2234263.729718556,2233710.548893465,2233732.5651594037,2235095.4705086364,2234317.840972084,2233705.0084129265,2233917.090513117,2233454.2857783623,2233971.8578625536,2233690.8791450514,2233213.558351622,2233493.4223809247,2234510.2628441565,2233926.195751055,2234356.0202242876,2232837.872434451,2233778.8125526514,2235447.699058448,2234687.849904191,2234048.5572155123
2400000.0,2327883.493793336,2328003.795064041,2327974.083732638,2327716.3305860357,2327901.1125444854,2327982.833312698,2327966.7526057726,2328017.1327605126,2327968.8223204683,2327988.15556367,2328053.6113005485,2328019.0581392306,2327872.0922046024,2327949.2848987146,2327883.1428652485,2328131.0562712625,2327993.595971972,2327720.772856935,2327828.4843286355,2327935.4897832675
2500000.0,2421292.135201461,2422559.322162013,2422081.513162055,2419675.9464387395,2421658.515136714,2422185.37486136,2422214.0678793434,2422423.603138237,2422344.6614497197,2422254.3328897506,2422702.4516020925,2422502.2186249164,2421437.6650008797,2421924.524918879,2421405.0418377654,2423481.979175772,2422482.729282754,2420178.975703087,2420940.045702307,2421861.516482727
2600000.0,2514159.5288244584,2517049.4204962584,2515769.357780166,2510753.7799298135,2515175.195945968,2516013.1944983983,2516297.569848743,2516433.9969013147,2516753.6863158415,2516180.9658369482,2516969.1121233674,2516662.89505537,2514766.138203201,2515516.747214679,2514522.4076573714,2518679.7692541108,2516910.004165656,2512262.402073046,2513585.9665339557,2515458.993624284
2700000.0,2606409.5377725996,2611175.531456408,2608951.0845938274,2601151.46962798,2608144.1121593965,2609342.966877129,2609929.396340559,2609999.5881812465,2610835.6359622413,2609618.1140631204,2610850.9339347677,2610372.8613887513,2607522.1691204677,2608568.72319738,2607020.4912425242,2613585.216506551,2610966.7105537867,2603575.009308218,2605540.6051463145,2608510.6228237017
2800000.0,2698303.5183692263,2704806.5080659906,2701817.085352859,2691516.214106926,2700516.664209639,2702315.435929999,2703034.186443145,2703324.9758680835,2704375.7558769635,2702669.6814530743,2704578.305633665,2703741.366574088,2699637.534027552,2701202.435753038,2698993.3003169172,2708206.8926455686,2704514.0071261367,2694074.7113672877,2696920.91418232,2701069.9430795065
2900000.0,2790437.4563787957,2798065.1145942453,2794838.1642260156,2782875.577374467,2792576.7363210926,2795350.681726089,2795823.909923221,2796862.1718836995,2797418.5182724455,2795717.692754581,2798596.743241247,2797134.2064378774,2791393.11403077,2793843.2329271277,2790882.179137959,2802733.508704787,2797672.6484098523,2784160.6692806953,2788224.820101511,2793504.819568169
3000000.0,2883665.4656637567,2891343.68947129,2888701.5239150114,2876504.2796060336,2884930.293804388,2889094.8867754927,2888796.2066626544,2891243.1935323584,2890306.611183646,2889377.346668287,2893493.739049445,2891127.776134215,2883412.5595045416,2887170.8026689915,2883433.158381773,2897516.1587614063,2890840.3125228034,2874659.345747443,2880284.5664061983,2886463.6406484745
3100000.0,2978961.3359840587,2985252.564191696,2984190.9010346704,2973712.926924292,2978423.5713537266,2984310.3214852787,2982664.8348970884,2987162.262625134,2983644.9122868404,2984394.357780476,2989881.386018951,2986408.90730508,2976581.868093418,2982009.5468860744,2977587.9868104816,2993005.862288715,2984640.2641141093,2966733.747330434,2974151.843058483,2980777.145390954
3200000.0,3077216.307314668,3080513.281813311,3082017.300612721,3075521.94617051,3074000.82039143,3081716.201645071,3078234.13993495,3085216.512999951,3078202.5816777786,3081493.0893033026,3088245.990264015,3083629.98994898,3071906.397750822,3079164.8814818976,3074313.4323003134,3089657.035792151,3079813.671818699,3061723.9432389094,3070915.5648818905,3077303.9114564667
3300000.0,3178971.714382614,3177805.932786492,3182609.8474558108,3182214.4988063625,3172500.5749150002,3181788.835282791,3176223.333819504,3185720.4663116564,3174763.4649113743,3181183.343622511,3188784.969704044,3183230.340606096,3170301.7078694124,3179209.290283,3174363.0959240464,3187810.5532320603,3177064.5610976685,3160892.022553416,3171437.2467856295,3176720.8374736886
3400000.0,3284128.378601572,3277581.057481865,3285904.7984104482,3292906.0468841875,3274393.3754157675,3284552.586810343,3277050.234996227,3288535.623878333,3273930.7323004087,3283553.049216995,3291274.8795930576,3285253.217669324,3272315.204651952,3282244.4766612556,3277985.5287563815,3287577.452699221,3276866.8009815123,3265032.8367831893,3276010.0192114133,3279275.191019497
3500000.0,3391762.167649056,3379867.0771359284,3391221.0667818543,3405468.87244429,3379509.43995088,3389439.5433524745,3380615.582636046,3392992.8698330666,3375906.376617726,3388117.3332240297,3395038.258242878,3389223.598467835,3377822.655918265,3387720.8700607712,3384663.0621862486,3388757.1692534527,3379263.393652132,3373986.561039877,3384037.5100174937,3384566.954445216
3600000.0,3500227.833048045,3484143.9773866716,3497334.220927151,3517104.727079123,3486886.508276588,3495326.179564146,3486182.5351586686,3497989.6733663245,3480309.607512582,3493828.8644880448,3499065.079357543,3494174.3681528307,3485838.6410873095,3494444.037805073,3493053.3331828946,3490831.9787588334,3483730.7019978655,3486286.9582308643,3493951.418012256,3491493.2105420153
3700000.0,3607615.4823466875,3589378.3257847973,3602786.9072181103,3625354.7068763124,3594903.749365825,3600801.215763792,3592467.6210190747,3602271.1597359637,3586144.475567572,3599314.026126496,3602273.073107987,3598866.2597025027,3594635.500359619,3600852.0192253245,3601284.721477809,3593063.7880182634,3589208.544105009,3599339.3331252667,3603570.831734832,3598472.008339258
3800000.0,3712356.116379056,3694265.9149073353,3706315.646139851,3728880.970871973,3701738.685292974,3704573.9244263824,3697975.029045433,3704783.4575967444,3692005.7998957257,3703265.3719334467,3703800.7780881985,3702133.4938978567,3702233.5938306963,3705478.24628234,3707536.7764040846,3694674.382385852,3694348.6673446987,3710270.543488279,3710814.3502896833,3703905.316210402
3900000.0,3813636.991208521,3797602.436719653,3807180.1578932973,3827600.3722499693,3805936.14675783,3805821.988262156,3801438.6030923002,3804932.4749063477,3796480.5640689577,3804801.002481141,3803203.351043106,3803194.2615194707,3807036.152952703,3807364.2950378535,3810591.3228255888,3795041.8613525555,3797901.047596742,3816969.5895570056,3814351.4226746764,3806650.6019107257
4000000.0,3911458.6619691206,3898605.5252028876,3905260.5316484566,3922331.998891866,3906777.55396089,3904327.04692468,3902147.64412501,3902652.769915808,3898553.3060771506,3903628.2630669726,3900489.328258457,3901792.34637147,3908247.9398849932,3906229.4614302972,3910067.132405289,3893835.6875070645,3899051.683763928,3918628.852429578,3913839.2343396284,3906263.0670524905
4100000.0,4006425.908342404,3997049.7639161865,4000947.165984617,4014329.355765797,4004313.6777306693,4000396.956415896,4000027.524321557,3998310.9393813177,3997820.7207814516,3999991.2642482966,3996026.792122111,3998152.829565221,4005913.5802220576,4002387.938947093,4006315.19595185,3991050.335982927,3997564.297273059,4015616.068478862,4009753.3570073084,4002954.9426662344
4200000.0,4099454.870437343,4093206.2251088126,4094933.428592121,4104908.3645092463,4099157.496351854,4094673.5790588725,4095512.8435203754,4092529.021951388,4094466.6583037563,4094491.263797031,4090387.8591643577,4092824.826279775,4100686.6701224027,4096531.9081984293,4100142.6736275814,4086948.768371528,4093716.863382224,4109011.9157427684,4103044.7435585065,4097383.6148223034
4300000.0,4191513.4307092573,4187670.1657732683,4188003.984479233,4195200.690351264,4192205.112787114,4187922.8168332633,4189330.221473897,4186001.047120141,4189083.7418312207,4187878.600319982,4184188.5550100673,4186494.649672055,4193523.5594701893,4189497.0083404365,4192526.4777546767,4181954.9842691384,4188122.0019998127,4200156.130733928,4194814.296948013,4190402.830567554
4400000.0,4283427.8868255215,4281164.748223888,4280861.096463873,4285996.46920486,4284389.310420942,4280856.452846687,4282283.225479593,4279339.132499118,4282452.824077393,4280871.26006721,4277954.084054472,4279818.97500333,4285418.828750178,4282067.064514971,4284386.235261764,4276534.193690247,4281523.918683061,4290326.900048188,4286071.012574434,4282849.960121486
4500000.0,4375752.589996908,4374369.497663938,4373999.868151433,4377654.416672141,4376495.113342757,4374000.625909242,4375078.649160236,4372962.390927827,4375346.224133327,4374018.181467646,4372023.288616269,4373297.275731733,4377211.328523721,4374831.441252043,4376423.9881268265,4371086.37357421,4374622.210114966,4380537.858699915,4377568.442163596,4375388.0466953
4600000.0,4468702.373695539,4467790.728552872,4467638.489065099,4470091.286743832,4469035.648891812,4467617.184457276,4468203.176280166,4467037.710373952,4468376.435294411,4467613.947513454,4466503.055384122,4467192.525958353,4469454.636805161,4468098.04860197,4469025.351659078,4465869.000317508,4467939.303991204,4471413.417637579,4469706.652247048,4468404.045603552
4700000.0,4562160.748115405,4561682.218745487,4561714.807609096,4562876.255218506,4562190.5679939315,4561688.531493769,4561856.416660463,4561483.569458373,4561896.31625917,4561674.948638163,4561282.910350193,4561510.757530677,4562351.379484436,4561871.712465754,4562229.102814835,4560960.641000345,4561739.072572822,4563132.839995721,4562505.943340223,4561970.673561002
4800000.0,4655774.870301354,4656027.489611669,4655957.367073952,4655429.148790062,4655820.613461547,4655975.385717084,4655952.3658982925,4656041.875300078,4655960.697940292,4655987.210553974,4656111.018816554,4656048.2107869135,4655765.322740353,4655909.408156639,4655780.107286547,4656273.529343916,4656007.9042045,4655463.276463566,4655669.831311499,4655884.890373264
4900000.0,4749122.322709427,4750593.269571303,4750019.1439466905,4747269.206656885,4749567.431427048,4750139.82388112,4750197.333211698,4750403.300766857,4750362.634465111,4750221.157024975,4750713.60460276,4750499.908667941,4749322.652007218,4749847.551034978,4749265.828245282,4751614.166201718,4750508.390363404,4747900.050477556,4748738.305155417,4749784.119131452
5000000.0,4841900.667651793,4845047.115693745,4843635.53269636,4838229.806076519,4843020.67982925,4843899.712312252,4844230.73877042,4844349.004719509,4844744.77777758,4844082.902178769,4844921.367902875,4844600.151236437,4842586.018260325,4843367.6598020885,4842303.008449163,4846776.28820363,4844899.116853852,4839892.365501142,4841293.772745276,4843312.610651092
5100000.0,4934078.178456611,4939106.706048473,4936755.915304526,4928575.98521165,4935902.185861507,4937165.195369602,4937787.542021245,4937863.666910438,4938758.543376473,4937454.041646742,4938763.190133219,4938250.433398463,4935249.52120198,4936347.39619901,4934714.721168536,4941637.844043484,4938887.711655653,4931084.666530508,4933152.9306514235,4936285.575435439
5200000.0,5025965.094399864,5032672.927332217,5029611.401107911,5019013.728318613,5028207.5545309475,5030116.930869735,5030829.963601913,5031188.3891896885,5032220.387812854,5030477.698238114,5032502.051242083,5031596.401908039,5027291.044702468,5028951.620434413,5026643.346735338,5036231.904986533,5032367.993979071,5021494.010312837,5024485.978172694,5028799.893605246
5300000.0,5118199.458953192,5125906.960295542,5122708.153398887,5110614.513270843,5120268.1307228375,5123211.1516000535,5123611.691098238,5124805.523912887,5125216.031719721,5123572.583744591,5126608.736747171,5125037.351575771,5119041.610155783,5121645.642107469,5118576.9921670845,5130772.031064016,5125500.088355902,5111582.138698882,5115842.063054374,5121266.260644666
5400000.0,5211661.514324212,5219235.946713491,5216754.939105443,5204672.587615558,5212729.642528412,5217117.804455539,5216665.938858797,5219363.586446964,5218128.444841762,5217379.263286679,5221681.843096013,5219172.000548537,5211167.628233514,5215136.996231884,5211296.740937336,5225627.74784812,5218717.538502685,5202229.323910374,5208092.246568626,5214365.562449824
5500000.0,5307326.6836246215,5313292.9625223335,5312536.065390785,5302479.958345258,5306461.537417355,5312603.314613963,5310727.4647900835,5315553.127035546,5311592.313589495,5312650.218342166,5318325.03999582,5314691.564499452,5304581.347432583,5310258.044995526,5305759.11609523,5321256.6292206,5312667.356690795,5294634.23667661,5302305.642285152,5308942.563407574
5600000.0,5406053.86215881,5408803.357559464,5410735.633242799,5404981.774414937,5402406.379661233,5410365.005052511,5406599.781099353,5413942.495970042,5406388.466925969,5410091.5523648495,5416993.300163292,5412229.305045266,5400289.10611588,5407794.842270827,5402916.266586287,5418104.012687249,5408095.295229807,5390143.398882997,5399556.615768405,5405843.592265279
5700000.0,5508310.665153557,5506426.3109776415,5511724.876798136,5512318.580428287,5501367.227776624,5510827.217308808,5504972.82184447,5514791.176645954,5503287.473773042,5510165.419894478,5517830.913715316,5512178.870884384,5499172.206989654,5508267.327181,5503468.398581869,5516484.675134218,5505684.737439462,5489979.155383779,5500647.83548258,5505699.872381123
5800000.0,5613887.911409446,5606563.543358564,5615356.977429831,5623422.180644871,5603739.459333715,5613936.187473902,5606203.263992098,5617887.161651506,5602848.866225718,5612885.350651215,5620549.126896478,5614515.149250547,5601700.678760556,5611693.242820336,5607569.0434394,5616469.116518716,5605860.053824552,5594831.26057599,5605763.4643794345,5608678.188839031
5900000.0,5721745.31708647,5709170.956954822,5720864.318767121,5736020.974058309,5709245.777587944,5719038.283067636,5710105.476593705,5722489.877347275,5705201.098736994,5717681.654309321,5724412.499121532,5718687.832252714,5707635.287753791,5717425.908789374,5714580.828442535,5717810.118256254,5708589.7184097655,5704369.173106292,5714166.485293905,5714277.253526886
6000000.0,5830166.570901302,5813649.538207889,5826966.716266185,5847301.946808096,5816815.318771805,5824948.693964257,5815854.484378326,5827455.437744621,5809873.843809129,5823442.039112543,5828383.156771478,5823674.286421478,5815870.357328002,5824196.6305017155,5823060.841828298,5819950.846988493,5813267.971017613,5816941.19475509,5824170.181692874,5821306.58871351
6100000.0,5937255.026563419,5918909.191503488,5932209.043333443,5954931.00922631,5924766.167476149,5930248.195844225,5922112.7557814,5931537.059458883,5915795.8088992955,5928777.618354277,5931393.689483065,5928224.215712884,5924607.139591699,5930427.9531784635,5931107.193847023,5922135.808669691,5918774.9490632005,5929851.249769033,5933561.760970132,5928151.518443
6200000.0,6041531.726155745,6023637.307654208,6035387.011980355,6057754.541102843,6031295.79265182,6033695.639993707,6027391.407915002,6033734.588038596,6021534.735834936,6032423.2150261495,6032633.472975664,6031210.756997559,6031884.215433555,6034704.994508842,6036957.147067856,6023598.147462091,6023752.747079947,6040277.613275712,6040334.431087885,6033253.88607658
6300000.0,6142303.528550929,6126673.743284696,6135848.067419333,6155844.202469261,6135038.864712131,6134551.749600399,6130488.746555425,6133529.262436811,6125712.822019289,6133576.103100831,6131723.393056515,6131922.82123734,6136201.851424911,6136161.739615879,6139505.804775689,6123751.542997516,6126996.717937008,6146278.021782806,6143294.257021823,6135562.462070515
6400000.0,6239672.651832163,6227312.032664598,6233554.573444157,6250107.446007064,6235390.954234656,6232681.172475935,6230785.119339389,6230925.4086763775,6227394.371540161,6232026.881535681,6228730.796733255,6230178.608670674,6236889.467267764,6234611.1948377015,6238487.756588102,6222312.028212826,6227771.546454695,6247230.666357823,6242230.914608799,6234733.366357288
6500000.0,6334305.402729041,6325404.260219651,6328953.017875988,6341825.819431268,6332497.929080505,6328451.77872665,6328288.811138508,6326337.119156941,6326265.442750284,6328082.495601218,6324062.676077307,6326259.949032499,6334094.977391408,6330435.39307487,6334336.460387245,6319317.214135831,6325921.281075206,6343633.826382738,6337708.643416653,6331056.485047297
6600000.0,6427139.330139649,6421278.91039949,6422761.711913096,6432301.683103911,6427029.3213216495,6422535.1543537695,6423489.266618607,6420407.185698532,6422580.291215,6422377.518566004,6418306.73096625,6420746.480610256,6428532.618309071,6424360.2857047925,6427899.106148006,6415059.996318881,6421783.21120412,6436628.93701811,6430717.31117435,6425231.444263499
6700000.0,6519132.433524268,6515560.738019931,6515763.029312906,6522626.5180015005,6519899.742583351,6515699.280594878,6517136.013000159,6513826.431865924,6516971.144954045,6515667.691574542,6512073.579185468,6514329.590091136,6521178.18395333,6517224.762540744,6520156.488056362,6509977.329157041,6516000.299541847,6527562.883246736,6522357.359056034,6518121.2028418
6800000.0,6611079.13063813,6608976.079494381,6608636.30149599,6613533.6140816705,6612030.710024609,6608636.521869398,6610028.171557308,6607185.313417379,6610228.41319354,6608654.256738859,6605866.88648301,6607650.42022843,6613014.202037993,6609792.569856452,6612005.712022906,6604531.0589369135,6609319.992781104,6617686.499711437,6613610.032747474,6610546.732595751
6900000.0,6703488.370753687,6702186.650177977,6701840.309635028,6705317.850360434,6704174.969083633,6701839.100482755,6702847.606065129,6700869.506131137,6703109.747235374,6701854.08083581,6699994.1616141675,6701178.570492254,6704845.582190547,6702617.221165682,6704108.685082927,6699104.79170634,6702423.654351898,6707964.520829897,6705183.4726209445,6703136.888617503
7000000.0,6796525.677472507,6795666.516488198,6795552.054694586,6797838.438295604,6796800.6741978675,6795528.599548122,6796042.996566973,6795008.854694319,6796195.662505736,6795522.238091964,6794529.069337713,6795140.353144134,6797178.671829944,6795963.387421426,6796802.081692493,6793931.723541966,6795800.7149879895,6798960.209140863,6797423.849461867,6796234.872846942
7100000.0,6890033.206321766,6889630.644194335,6889673.577902853,6890629.053598634,6890039.5056001125,6889650.683669523,6889771.653847987,6889490.769615652,6889797.56406155,6889637.774393603,6889334.950311081,6889507.502382188,6890165.412049325,6889795.510467014,6890077.759963874,6889064.766356114,6889675.26456612,6890790.241202995,6890300.560240002,6889870.078464998
7200000.0,6983636.567592943,6984026.808414739,6983913.181321316,6983107.650089159,6983713.058448489,6983943.10105173,6983911.551939672,6984041.068991497,6983929.104366154,6983961.787030906,6984148.5667675715,6984053.8619457185,6983627.646085862,6983844.076098255,6983648.073767497,6984396.256577189,6983996.909990249,6983172.2360569285,6983482.581248685,6983807.971712801
7300000.0,7076918.49267305,7078599.084041568,7077925.498477849,7074825.779047055,7077444.04702783,7078065.822510222,7078149.613787827,7078354.345472282,7078353.506339425,7078159.812387134,7078703.0772015555,7078470.812035965,7077170.516982357,7077741.060192805,7077092.341050178,7079724.461739114,7078504.743026568,7075579.626692067,7076502.409380363,7077675.815600438
7400000.0,7169606.601592356,7173012.495235652,7171468.871995286,7165672.50196324,7170829.492462863,7171756.087619524,7172128.63335982,7172234.3572752755,7172704.0578489425,7171954.634724286,7172852.16890162,7172508.872209901,7170363.303314154,7171186.97124051,7170046.14766459,7174849.075146416,7172854.427402443,7167474.668732753,7168964.435030592,7171132.28184415
7500000.0,7261714.699138137,7267003.07301979,7264529.7044295715,7255976.254385319,7263622.369317096,7264958.718296104,7265608.534540026,7265700.047404824,7266646.294533481,7265260.716505164,7266656.732372682,7266100.441485164,7262932.125631255,7264095.76663891,7262372.209379822,7269666.269353041,7266772.142849185,7258545.258155276,7260729.556085212,7264026.840428726
7600000.0,7353601.706705304,7360505.06290886,7357379.806715481,7346500.52657494,7355863.529976663,7357894.39137642,7358590.258852041,7359028.87388265,7360029.604526366,7358260.646994551,7360411.91003752,7359427.747766001,7354902.259084848,7356675.398639071,7354261.742732843,7364234.069997425,7360185.77562925,7348868.826149477,7352021.5866182055,7356500.254472334
7700000.0,7445946.497559961,7453718.3254384445,7450559.745557979,7438358.532992217,7447931.548585722,7451054.63591189,7451369.20407207,7452732.545638272,7452981.52656455,7451409.091933769,7454612.6066418225,7452922.859270319,7446654.796687585,7449430.309852967,7446248.895359385,7458790.662723909,7453295.134966841,7438969.36926336,7443440.021906824,7449005.464023059
7800000.0,7539653.410171468,7547104.124267835,7544798.181246149,7532860.771152583,7540510.701177689,7545131.577940067,7544513.208916733,7547474.465110492,7545924.7980565475,7545370.502427026,7549866.860814455,7547205.399770239,7538897.805057162,7543094.263809488,7539148.198714569,7553723.220683555,7546568.973081789,7529779.59829138,7535892.961522139,7542254.40875297
7900000.0,7635696.636406729,7641316.884147307,7640877.720868363,7631275.648471072,7634491.656089309,7640893.623687878,7638776.362068753,7643939.430645138,7639522.58041116,7640902.054621354,7646767.95405918,7642969.032038275,7632567.862188717,7638505.295357646,7633928.547004733,7649494.714197536,7640676.656886391,7622531.584248474,7630464.272304739,7637103.724767935
8000000.0,7734899.044963878,7737083.810435206,7739452.870932935,7734466.382066586,7730812.504593735,7739013.606279226,7734959.052012297,7742664.735181485,7734565.397041768,7738689.079354701,7745737.6373891905,7740825.634442348,7728669.47848283,7736427.227175299,7731524.1801760085,7746540.094505927,7736366.544989327,7718574.663399844,7728209.966147416,7734384.662037999
8100000.0,7837650.866690123,7835040.838239591,7840834.556924412,7842425.451291858,7830237.328411979,7839861.470386294,7833719.19102307,7843853.084184684,7831808.024421148,7839143.638897099,7846866.0377781065,7841121.147225839,7828045.953301701,7837324.519739159,7832578.031890811,7845146.922981269,7834298.969367182,7819085.770917883,7829869.13268785,7834679.594224093
8200000.0,7943631.626492983,7935538.6821770035,7944792.254588194,7953903.089608631,7933083.037309753,7943304.421833566,7935349.837608073,7947219.034313082,7931763.665156218,7942203.7245888105,7949799.98713056,7943761.3709911825,7931086.0519445995,7941129.424613233,7937145.722057017,7945344.751505386,7934846.4731418565,7924642.648929314,7935513.191909315,7938072.561195854
8300000.0,8051688.899838842,8038459.85840729,8050474.65541222,8066497.551926794,8038964.0058942195,8048605.410390738,8039578.371343319,8051953.552719543,8034485.477440693,8047216.644690705,8053749.501592214,8048122.642264061,8037433.954158695,8047100.13140336,8044471.232729877,8046840.572314733,8037901.959454315,8034740.295747191,8044265.578700414,8043961.875746052
8400000.0,8160044.685750823,8143128.2248849915,8156552.082476892,8177399.637488549,8146704.996906527,8154524.14797686,8145494.639435252,8156876.849147391,8139414.548440587,8153010.466284461,8157653.944747971,8153131.632836299,8145867.541243151,8153899.977589984,8153018.1112004295,8149040.750104124,8142779.314453276,8147547.792544934,8154329.953678468,8151075.019488481
8500000.0,8266825.352693643,8248401.896642673,8261578.3978628935,8284409.999327005,8254571.891940488,8259640.323118625,8251713.4227031395,8260755.585900088,8245408.959477768,8258187.793280492,8260465.152184596,8257532.841218547,8254526.272009568,8259944.071307469,8260864.574855333,8251175.471131466,8248303.948958272,8260284.506562395,8263474.704110668,8257772.9904638305
8600000.0,8370646.089285609,8352965.698946975,8364411.941913202,8386555.660069485,8360790.791840217,8362766.472643655,8356759.4273539325,8362645.724736653,8351016.2865637615,8361530.223819108,8361424.873521838,8360242.069482683,8361476.53542004,8363874.413809171,8366312.951568442,8352491.743289918,8353114.367924156,8370196.25485203,8369776.438040795,8362544.002113665
8700000.0,8470930.475470463,8455707.233505672,8464486.59472195,8484052.449040981,8464089.38912168,8463245.829824418,8459498.5185739,8462102.42917773,8454899.224853687,8462314.25297049,8460218.041357927,8460618.865885824,8465319.361160917,8464917.170468343,8468371.864739249,8452439.584801799,8456055.078265646,8475513.243347982,8472177.423250394,8464429.138550468
8800000.0,8567875.82806436,8555995.560858406,8561842.574827181,8577886.010292642,8563974.292819263,8561022.042969333,8559400.439615773,8559195.91667524,8556202.6621195,8560410.119521568,8556967.154653339,8558552.613355223,8565505.611635579,8562974.651085172,8566886.380123798,8550780.384520514,8556469.11497439,8575791.6527083,8570592.864984684,8563181.519018175
8900000.0,8662203.400195241,8653756.809189947,8656977.350728985,8669359.037346123,8660680.225344183,8656517.904193731,8656551.793263815,8654383.33325216,8654698.73974581,8656182.625663674,8652114.0361299,8654377.41964895,8662279.875518803,8658491.02967363,8662365.522252025,8647592.364520434,8654277.309967736,8671649.314591728,8665667.468858324,8659162.833805766
9000000.0,8754867.202742996,8749372.35909037,8750629.889871616,8759756.25185982,8754927.163500676,8750430.237312637,8751491.794582112,8748324.42984489,8750707.09545457,8750295.113430103,8746258.458955077,8748699.284957347,8756410.66546851,8752221.06482382,8755690.748022417,8743195.447448675,8749871.643964747,8764279.914205935,8758423.619211178,8753109.613228912
9100000.0,8846812.134253751,8843492.405823883,8843577.249896945,8850126.65958197,8847643.665679133,8843525.822182192,8844988.740045227,8841704.105877783,8844894.8334267,8843505.32486965,8840003.09465306,8842211.49767236,8848888.602262586,8845003.320537934,8847842.783947846,8838036.954746753,8843921.298896644,8855032.37060219,8849957.14230635,8845890.114191163
9200000.0,8938798.974377917,8936843.459477883,8936474.083917294,8941145.880709084,8939737.03570856,8936475.594820237,8937834.45736324,8935089.622406548,8938058.341363357,8936495.61003873,8933828.680912018,8935537.657070555,8940681.26616291,8937579.260541933,8939693.841428276,8932573.493353,8937173.937327221,8945127.38223675,8941219.114994537,8938306.429470437
9300000.0,9031291.009512752,9030067.596776059,9029742.479201758,9033046.076240892,9031926.19810899,9029737.201771284,9030684.306238225,9028833.026299648,9030938.289944796,9029749.937354714,9028011.355651284,9029116.755642965,9032558.142593415,9030465.725933468,9031864.735866101,9027171.3673428,9030290.854216145,9035479.480300415,9032871.310662983,9030952.111746637
9400000.0,9124406.033261694,9123606.08636127,9123519.501615109,9125632.578553185,9124634.284395136,9123492.890156241,9123948.767691692,9123028.486496828,9124082.197066143,9123484.589941556,9122593.065204289,9123139.205361916,9124978.320763644,9123884.950938646,9124643.888577318,9122039.6935575,9123727.929683916,9126590.981813008,9125206.774998574,9124127.056551127
9500000.0,9217948.431220585,9217636.040447095,9217674.351783954,9218409.522547781,9217946.779070862,9217654.244940689,9217744.295791328,9217535.269417778,9217760.510317434,9217643.700107347,9217413.91549433,9217544.820329791,9218044.836916367,9217763.630107047,9217978.894875783,9217207.155978277,9217670.43032436,9218518.273788767,9218146.907121833,9217819.614089083
9600000.0,9311527.284676617,9312072.07510519,9311899.297699621,9310799.69711041,9311649.822677651,9311940.073133942,9311915.989930717,9312067.051843094,9311947.96295413,9311967.300138576,9312203.059967289,9312088.726772059,9311541.34201519,9311809.942508796,9311554.05230187,9312548.682253813,9312033.787901849,9310934.138932992,9311331.030605925,9311767.739874426
9700000.0,9404735.562959697,9406639.468412546,9405854.982689366,9402392.3144182,9405352.156706126,9406012.64190205,9406135.706650682,9406326.273306886,9406381.802545518,9406120.416234702,9406704.215264399,9406462.755901555,9405056.9913188,9405656.146972647,9404945.765547939,9407857.320685178,9406537.497824632,9403296.412213473,9404289.880548015,9405593.349771224
9800000.0,9497334.60834012,9501004.874117801,9499325.939231476,9493134.76190243,9498663.014343685,9499632.078634258,9500053.949946495,9500142.084626837,9500690.533902114,9499846.146846281,9500796.517469019,9500436.999388242,9498172.657188924,9499025.640621517,9497812.93301837,9502941.464818025,9500838.527540114,9495086.433531953,9496654.69378997,9498973.800380647
9900000.0,9589385.164991943,9594925.935323501,9592336.924278092,9583418.771703469,9591369.836076595,9592779.608974708,9593458.692582432,9593568.685717572,9594557.78932746,9593093.76923537,9594573.62218711,9593976.4952982,9590649.869545192,9591870.730184622,9590060.401975298,9597717.240472749,9594684.920913663,9586039.497131407,9588333.262299245,9591795.35563617
10000000.0,9681294.003930977,9688371.74848382,9685199.76078977,9674063.147946054,9683559.781096939,9685715.635872133,9686390.68062212,9686919.01117871,9687868.141949026,9686085.279090654,9688361.856753966,9687299.886573426,9682562.339826507,9684442.381367594,9681928.375641968,9692267.934063375,9688040.144956524,9676294.548368298,9679603.223107811,9684243.014822125
10100000.0,9773778.138713798,9781580.361887526,9778486.981144717,9766218.881537277,9775657.52550359,9778964.900854597,9779186.055822197,9780731.626417901,9780791.06325458,9779309.417566728,9782677.770668661,9780870.119073963,9774340.025367172,9777282.199934358,9773995.146463806,9786855.216999918,9781143.189250002,9766436.541870516,9771112.523566965,9776810.318926647
10200000.0,9867761.622454483,9875044.920877565,9872943.193387046,9861206.42026374,9868382.957234321,9873238.098023394,9872444.57693954,9875680.94230572,9873787.228813453,9873451.102262512,9878135.112215811,9875324.36547981,9866729.602694713,9871146.596194072,9867105.075438026,9881881.533037262,9874495.738467056,9857447.4667942,9863802.635272047,9870236.941138148
10300000.0,9964211.132757742,9969437.504688412,9969343.92363504,9960260.796850014,9962643.368727695,9969300.576225342,9966935.457794996,9972440.917609278,9967544.845450511,9969267.369483065,9975312.024349367,9971354.091665393,9960687.236535408,9966874.128520928,9962234.030873425,9977811.919945015,9968785.764728323,9950587.674014838,9958766.540098201,9965386.470975125
10400000.0,10063905.292384991,10065482.195531335,10068307.533781061,10064150.08886127,10059365.957618186,10067794.41294314,10063450.317691416,10071511.9304108,10062859.26464616,10067416.700431414,10074591.82917781,10069544.133004783,10057208.924379788,10065199.722614698,10060290.925375577,10075067.030318184,10064759.165675031,10047201.251442747,10057033.759330675,10063068.517526735
10500000.0,10167148.187241284,10163785.71078056,10170078.138606558,10172706.425193207,10159267.712476285,10169028.647792747,10162608.266957752,10173034.565560604,10160463.27677507,10168254.594734628,10176006.122230524,10170186.948102674,10157091.331084995,10166525.01881376,10161852.509674992,10173903.34121368,10163047.099613763,10148407.749829356,10159269.486404281,10163808.95077921
10600000.0,10273502.65822077,10264641.80092666,10274337.729155453,10284496.697080858,10262578.889489958,10272787.062814325,10264632.19163808,10276647.435894549,10260816.91971518,10271638.790991995,10279135.765714511,10273115.336004322,10260632.985591443,10270691.244527465,10266868.78875043,10274306.66925779,10263964.111747576,10254658.641533213,10265422.976852968,10267602.485209445
10700000.0,10381707.127332874,10367855.844976109,10380153.375252673,10397004.665796453,10368801.224261787,10378249.98489848,10369159.045893941,10381475.650929177,10363892.610536052,10376833.647253342,10383139.05632386,10377632.734884743,10367356.492378166,10376861.434246628,10374463.60373551,10375937.763872521,10367323.58378921,10365265.306551412,10374475.923320236,10373745.376217462
10800000.0,10489934.397430995,10472675.741965093,10486154.56193034,10507450.60889158,10476659.183403013,10484128.91913424,10475196.395184763,10486311.276558807,10469042.030071642,10482614.019556595,10486939.346949998,10482621.082186893,10475927.603030708,10483638.502200218,10483015.452900274,10478168.81811188,10472360.200327106,10478224.291123545,10484532.453317713,10480889.362601731
10900000.0,10596349.833588324,10577914.93317885,10590915.821221055,10613788.749359835,10584379.243337834,10589013.501678359,10581321.001713343,10589944.179351788,10575058.698824866,10587584.654766029,10589515.628525915,10586829.110437138,10584438.346289724,10589442.53948006,10590598.440954609,10580220.8586748,10577852.056436697,10590694.588980068,10593361.01296574,10587383.750528388
11000000.0,10699673.806634028,10682266.21057486,10693367.32704378,10715230.709749933,10690231.441875398,10691779.54174438,10686083.49918156,10691493.939546423,10680481.339349909,10690583.810496535,10690167.888791895,10689223.986832224,10691000.277316134,10692983.554523986,10695594.517886717,10681360.607310787,10682445.106975675,10700016.420027362,10699138.268977577,10691775.802132146
11100000.0,10799449.341964029,10784674.121570766,10793033.083288126,10812130.530008366,10793046.552313939,10791857.395029524,10788426.52308098,10790592.690693751,10784024.399646915,10790972.469243549,10788647.460156253,10789240.651665848,10794326.412956517,10793585.27282567,10797132.591701468,10781078.926475484,10785042.636781886,10804605.625815993,10800949.365237791,10793205.975113375
11200000.0,10895965.71406015,10884587.818770306,10890030.072376736,10905543.809308512,10892444.353186902,10889269.460171917,10887912.444518186,10887375.730415452,10884919.813652057,10888700.82288976,10885131.38478059,10886840.141787114,10893991.04713653,10891238.981590252,10895167.270374632,10879184.671619747,10885070.728870595,10904194.293095674,10898832.802338893,10891524.944818245
11300000.0,10989993.954677686,10982007.36895271,10984903.262154968,10996787.622009544,10988745.147417497,10984490.476281367,10984704.541179033,10982340.408157256,10983026.59344962,10984188.846713502,10980094.103177391,10982406.60451412,10990331.31697566,10986447.562236972,10990278.366580887,10975796.559107779,10982526.769252082,10999510.897954188,10993507.774375718,10987162.853212075
11400000.0,11082499.607635552,11077364.182092486,11078408.290542295,11087124.191482373,11082714.256105635,11078238.75391076,11079387.880268622,11076160.02716595,11078726.920385199,11078124.977767097,11074144.745537456,11076569.149668192,11084164.023617448,11079990.379023828,11083376.23610797,11071259.986508815,11077854.338233123,11091792.527858185,11086023.178795794,11080888.637115724
11500000.0,11174410.418684002,11171330.122581668,11171313.258632185,11177556.492209764,11175289.323008535,11171276.32471639,11172745.245984685,11169510.33667424,11172718.668289563,11171265.38760028,11167875.401865125,11170019.690905351,11176489.105444103,11172701.811295595,11175436.921312636,11166030.438641252,11171744.85631244,11182383.531326149,11177465.40499717,11173571.642798303
11600000.0,11266450.339812467,11264628.203154773,11264245.097269496,11268699.898131732,11267359.401904667,11264249.673140109,11265557.331123162,11262932.65019226,11265800.16655387,11264270.44688508,11261741.612440769,11263361.387090117,11268254.73661292,11265297.814988954,11267304.049098605,11260556.958733829,11264942.374123741,11272469.785254601,11268751.65951664,11265991.556239199
11700000.0,11359034.716596415,11357877.668638535,11357586.914846,11360722.521169387,11359606.400537545,11357579.532295268,11358449.809369927,11356743.322948674,11358691.59511711,11357588.791896615,11355986.474345915,11357000.318163587,11360191.498471899,11358256.070852177,11359554.534786606,11355186.444444308,11358084.813428512,11362912.185336659,11360494.591978766,11358703.856047355
11800000.0,11452232.534868294,11451484.481458692,11451434.583339475,11453376.205070699,11452406.167286228,11451407.40750324,11451792.606140543,11450999.741504358,11451904.650033778,11451396.371063977,11450619.3794935,11451089.52865562,11452708.76785325,11451754.853753636,11452426.802227154,11450102.32102599,11451591.916821403,11454149.812326327,11452932.4770959,11451963.304493867
11900000.0,11545810.783535885,11545586.353558525,11545624.450422667,11546137.622034714,11545796.975047091,11545610.565441892,11545660.07894407,11545533.04712651,11545666.924021995,11545601.999188833,11545457.290677417,11545536.51127607,11545859.57551295,11545682.820182186,11545823.832604859,11545308.151058277,11545608.53688476,11546178.040359754,11545938.540862912,11545716.623940824
12000000.0,11639363.628089936,11640064.41910329,11639833.858313756,11638437.243065277,11639529.96797943,11639889.744517075,11639864.560101077,11640045.75757162,11639913.578746945,11639925.375027318,11640222.558131134,11640078.317313448,11639389.915636742,11639726.767296262,11639402.970211552,11640661.36586078,11640015.611175511,11638626.022817302,11639123.801624665,11639675.004539065
12100000.0,11732496.357476113,11734626.031933693,11733731.116013663,11729904.250818288,11733201.59341801,11733911.000696914,11734064.13905964,11734249.571359657,11734356.576039828,11734032.447569562,11734670.484874772,11734408.506760787,11732874.891193721,11733520.876792572,11732739.738392232,11735950.358126435,11734513.971268976,11730938.741532832,11732019.488784138,11733456.683236053
12200000.0,11825005.680136377,11828941.072292661,11827128.409355659,11820545.341595579,11826435.405874271,11827458.750898803,11827918.890553812,11828000.237243822,11828621.279275425,11827688.068383856,11828706.39616854,11828318.0254113,11825909.45143285,11826813.010361543,11825518.381787745,11830993.0723474,11828763.588278472,11822619.709878828,11824285.81470976,11826759.49954784
12300000.0,11916999.985658268,11922790.399758825,11920089.63190633,11910815.259169605,11919054.968456067,11920551.410903282,11921246.47147858,11921387.812994612,11922411.240831323,11920877.212607825,11922456.894691452,11921805.333241574,11918292.573216036,11919594.735614825,11917687.153966919,11925726.330151988,11922536.088851089,11913453.83136374,11915878.673411762,11919507.723976994
12400000.0,12008933.695738526,12016179.013843743,12012966.64583528,12001587.024852406,12011194.48789069,12013489.153753288,12014128.343228625,12014760.65883381,12015647.518440899,12013861.430962995,12016279.130677579,12015125.609800704,12010147.453534732,12012160.12193448,12009535.543677049,12020259.0720679,12015831.668235967,12003642.424117127,12007129.65168628,12011930.94665685
12500000.0,12101561.1222328,12109383.479313234,12106363.393675582,12094047.721781632,12103324.614836205,12106829.384033708,12106941.519690571,12108683.64664108,12108542.005813612,12107163.077210886,12110710.551793212,12108772.246129518,12101953.01201278,12105087.370558083,12101685.50992225,12114876.464767642,12108928.889708467,12093831.181296088,12098734.46721234,12104562.929575399
12600000.0,12195824.692214247,12202928.549152378,12201039.460556637,12189525.198070806,12196200.104789518,12201300.401322376,12200317.210109182,12203841.307328975,12201593.09614608,12201486.645697502,12206369.656755848,12203399.150511496,12194493.960017513,12199154.507766202,12195010.21909058,12209995.945398027,12202362.133655732,12185050.497319426,12191666.716675973,12198170.180833796
12700000.0,12292681.698358761,12297503.256794734,12297762.000183826,12289217.261035314,12290743.646172669,12297663.234527668,12295038.848055126,12300895.673010984,12295513.321952851,12297587.837205652,12303818.48279654,12299694.537812153,12288744.937822616,12295199.208862968,12290490.974112857,12306084.19920275,12296837.290490458,12278587.500845168,12287026.63976428,12293621.92291426
12800000.0,12392864.272406759,12393827.551578265,12397111.847093614,12393792.347457564,12387869.813437665,12396527.852844443,12391888.014753431,12400309.22204791,12391101.767116813,12396096.964918716,12403401.348359818,12398215.125283994,12385691.695014171,12393925.865515037,12389009.278516745,12403547.200533878,12393096.766872685,12375778.415385678,12385814.655923378,12391704.44871422
12900000.0,12496588.77507638,12492477.792485716,12499265.565737542,12502920.58591598,12488246.467590272,12498141.597813258,12491443.594758099,12502160.238936279,12489067.868744588,12497312.091638979,12505091.844715992,12499199.344473878,12486081.955364864,12495672.060340675,12491073.562414601,12502610.282062313,12491741.330747025,12477681.292660952,12488619.206409816,12492885.543365275
13000000.0,12603302.66295327,12593690.023989866,12603818.8658684,12614992.229580225,12592015.922135461,12602205.80859211,12593857.46725013,12606013.011563418,12589817.280443098,12601011.398856955,12608407.22843342,12602407.931813283,12590122.086169325,12600188.561575336,12596527.688923512,12603216.165940493,12593026.645031573,12584617.07836612,12595266.428309228,12597070.387950985
13100000.0,12711641.179311326,12697193.136033991,12709761.25163223,12727392.087896656,12698568.777521,12707821.952491872,12698677.255730018,12710930.616549373,12693241.65317286,12706379.626603913,12712458.20837909,12707074.611614343,12697213.819274653,12706547.064935211,12704378.812128987,12704980.978163475,12696687.051519915,12695713.74496885,12704600.514236573,12703456.071954357
13200000.0,12819736.789441176,12802161.944115564,12815687.148023114,12837384.342842137,12806534.906521708,12813659.096329587,12804832.181359963,12815681.727124475,12798605.72476274,12812143.907036865,12816156.496215977,12812041.40143374,12805916.052389862,12813296.646419726,12812928.167378135,12807245.114408294,12801880.820727786,12808804.804366289,12814636.138829527,12810624.846931895
13300000.0,12925800.052610077,12907369.727305338,12920195.994372055,12943079.118877504,12914109.277590258,12918321.58914599,12910866.548032006,12919082.450884072,12904643.461564401,12916916.05580103,12918510.550640225,12916065.349538606,12914281.545295786,12918868.32840284,12920253.82093719,12909222.644788213,12907343.307189599,12921004.274718283,12923152.219417697,12916921.02089858
13400000.0,13028655.920379935,13011520.981611114,13022289.763024561,13043863.40796026,13019610.87724881,13020749.294932982,13015360.77126776,13020315.4178971,13009889.91138798,13019592.296279164,13018877.564244246,13018165.86496878,13020472.555382833,13022041.623582743,13024820.121403782,13010200.847472493,13011731.801852724,13029756.048009949,13028428.760118486,13020953.69632991
13500000.0,13127960.623839483,13113617.707705688,13121578.484211693,13140217.054302877,13121972.325592134,13120456.183031963,13117333.802498782,13119085.949880937,13113113.276862869,13119615.100558445,13117071.505882485,13117850.472517256,13123313.027018648,13122234.186918238,13125872.27137878,13109710.299955806,13114008.96201724,13133657.955986014,13129688.465580506,13121959.953299526
13600000.0,13224087.604517134,13213186.092775892,13218250.112967601,13233256.044163885,13220920.487778889,13217537.722911816,13216436.316724595,13215589.337672228,13213630.100035388,13217009.172233056,13213319.14809158,13215146.944957998,13222494.416852206,13219519.986544058,13223466.916850956,13207604.58721033,13213680.830256268,13232606.636693124,13227083.920007385,13219881.841651272
13700000.0,13317851.298855241,13310295.218573952,13312891.835363397,13324306.147024512,13316854.034782523,13312515.07898617,13312902.529277097,13310358.474668344,13311381.003828816,13312244.121820334,13308123.129479565,13310484.423271867,13318439.018764282,13314454.467368893,13318247.484145314,13304039.52440099,13310816.340955712,13327430.303131258,13321400.530067867,13315211.477938598
13800000.0,13410224.601867417,13405421.700513102,13406272.142319929,13414604.098321445,13410577.844764613,13406123.865575623,13407358.323598698,13404076.785936018,13406805.120631583,13406029.16594291,13402098.611173308,13404511.123124832,13412006.160665091,13407837.002387669,13411148.122417754,13399382.82727751,13405905.796466544,13419402.45006366,13413708.149821527,13408745.217713628
13900000.0,13502115.790065328,13499255.403566413,13499147.901923057,13505105.544630518,13503034.899112519,13499118.72716681,13500597.455990594,13497408.819927273,13500626.679608569,13499116.111089006,13495825.078606553,13497914.955330987,13504201.528724812,13500494.906195303,13503137.155874355,13494095.764873523,13499659.183513949,13509859.275957141,13505080.574534126,13501350.314618103
14000000.0,13594211.2463095,13592513.561623253,13592117.512203824,13596365.988322902,13595093.996142974,13592120.538900927,13593387.49081405,13590869.304809812,13593643.077780856,13592142.025358323,13589732.279415099,13591277.41548381,13595952.088623181,13593117.29725531,13595028.24230808,13588618.47595479,13592814.683608789,13599950.300841523,13596399.72283785,13593782.457256379
14100000.0,13686879.36712853,13685791.677300664,13685525.89255385,13688492.212779123,13687399.548032697,13685513.548282374,13686323.856248202,13684739.843657158,13686552.583065711,13685520.440222748,13684031.298584107,13684971.966344288,13687949.181475973,13686142.969377277,13687354.590654941,13683278.315489847,13685985.960652832,13690482.669937428,13688229.323229589,13686559.011448337
14200000.0,13780143.41562131,13779460.982870802,13779430.34018644,13781188.090460839,13780281.360258505,13779400.768613065,13779736.946609316,13779043.718694592,13779831.139077526,13779388.977633396,13778701.73025774,13779116.299144244,13780553.776711406,13779708.3872713,13780306.719772262,13778234.218950333,13779557.212168671,13781833.850008326,13780755.10282867,13779891.375014542
14300000.0,13873738.098342579,13873622.06293464,13873638.691467427,13873910.389821509,13873733.772166716,13873629.199935565,13873661.859708903,13873588.151605325,13873665.299270174,13873624.954515206,13873541.565746173,13873589.291198874,13873772.200900938,13873668.264865011,13873747.20689668,13873467.147991221,13873635.164785948,13873942.207328083,13873806.66688684,13873688.399301808
14400000.0,13967248.834686428,13968126.491237832,13967818.625296837,13966104.806515874,13967478.088608127,13967886.693466775,13967882.661290428,13968069.397145087,13967954.348963274,13967932.788304796,13968271.05015472,13968114.717860576,13967317.980631532,13967693.446809104,13967312.258973429,13968820.514607435,13968070.212567553,13966399.635592502,13966973.075999781,13967639.823091185
14500000.0,14060298.788441027,14062668.60385495,14061650.935189111,14057445.804847777,14061104.452891279,14061848.112841899,14062048.966687284,14062212.728321394,14062390.071572755,14061984.4119632,14062661.087756474,14062392.59462171,14060758.209729394,14061425.464141129,14060582.529760556,14064081.734555827,14062549.477454828,14058645.664513843,14059792.628673987,14061365.844461098
14600000.0,14152723.475798363,14156926.160184845,14154978.540181668,14148001.423265826,14154255.918200461,14155325.670477375,14155835.096749794,14155903.09593393,14156599.995949905,14155570.134455146,14156645.525913522,14156238.115955634,14153707.12246135,14154640.585595597,14153272.125477357,14159081.252827967,14156740.636786645,14150212.23471251,14151959.445805667,14154589.196550068
14700000.0,14244679.657824632,14250706.355268765,14247905.179372579,14238288.480338288,14246795.148351392,14248376.193668785,14249091.17815101,14249266.793053655,14250311.616425429,14248712.119771058,14250384.149542227,14249684.448044445,14246004.076559957,14247371.207346383,14245374.6580248,14253778.07031004,14250442.045374278,14240937.273633992,14243479.691642467,14247274.254517544
14800000.0,14336667.649054628,14344050.955649244,14340821.167289723,14329231.036865836,14338903.688043354,14341338.522359421,14341939.728989031,14342685.84791892,14343484.202360814,14341710.630710948,14344263.175526394,14343022.37181567,14337821.919282207,14339953.619123038,14337228.189806605,14348306.498156667,14343691.480183864,14331084.7028285,14334738.276964279,14339694.758369345
14900000.0,14429475.23637739,14437273.634012898,14434358.325802537,14422046.95093481,14431096.039749363,14434799.622999446,14434796.680564823,14436747.870834738,14436371.313321546,14435118.76069957,14438837.499154324,14436772.849249162,14429686.240206765,14432999.633571642,14429495.392463706,14442973.244815825,14436805.628426418,14421358.608074116,14426475.772602513,14432422.040498363
15000000.0,14524057.380768873,14530927.41612911,14529285.953614095,14518063.095412118,14524157.691634158,14529500.551116442,14528320.82052124,14532142.374926282,14529506.16601439,14529655.955001006,14534725.478415199,14531601.99438285,14522415.466520825,14527304.058392944,14523073.304730043,14538207.40825165,14530348.171566803,14512833.35400699,14519692.918049723,14526244.892978666
15100000.0,14621353.844607627,14625713.328671431,14626355.911550196,14618427.407499136,14619020.623241056,14626191.504327293,14623304.212626055,14629512.977700189,14623620.941896172,14626070.308079114,14632467.03034081,14628188.769780248,14616996.37881138,14623696.991814446,14618941.566541579,14634472.960196849,14625037.878031656,14606815.9000829,14615489.760635348,14622031.722636785
15200000.0,14722040.046966057,14722340.784818418,14726103.433575053,14723692.699232534,14716578.512215177,14725442.545885285,14720511.169041542,14729277.118826713,14719512.124685433,14724956.365512587,14732361.148915796,14727054.734605405,14714395.819835968,14722843.924291344,14717944.8294291,14732156.293486899,14721607.139967168,14704623.877729781,14714827.175988993,14720537.182160234
15300000.0,14826234.596007392,14821348.426830536,14828630.130395642,14833354.317735456,14817440.110869512,14827431.737408651,14820472.064449156,14831444.804537708,14817858.028421478,14826547.141167348,14834318.52908057,14828377.548315125,14815301.931564601,14825009.718816979,14820512.530428622,14831447.0027957,14820618.789665282,14807238.69294853,14818204.385635495,14822161.787279772
15400000.0,14933264.826336632,14922907.789938956,14933442.110548649,14945627.580178596,14921650.632847555,14931773.682726733,14923260.465076417,14935504.038530538,14919001.849092698,14930536.482946249,14937791.705511441,14931841.991654292,14919818.92210882,14929849.069695631,14926374.355105335,14932241.76089692,14922262.56853207,14914834.530130783,14925314.448924717,14926714.196271295
15500000.0,15041668.596499823,15026667.86123072,15039455.353755778,15057819.37283497,15028486.231552588,15037493.359291365,15028331.99273089,15040460.19276412,15022748.885425216,15036030.96030718,15041847.936184887,15036613.813779173,15027223.91039648,15036343.949227192,15034421.27345723,15034112.18781843,15026190.19882891,15026348.655016344,15034864.154777296,15033292.105522223
15600000.0,15149553.87389326,15131733.27802413,15145240.424487216,15167266.352136761,15136489.246080544,15143227.017126001,15134542.754706845,15145068.415699575,15128277.591835486,15141718.70480691,15145395.61195627,15141503.101468712,15135976.85532733,15142999.790595686,15142889.295863546,15136370.688265756,15131486.542071087,15139464.23332772,15144792.937939854,15140417.384399172
15700000.0,15255194.297371732,15236846.707214458,15249435.17491491,15272252.981233178,15243839.211332472,15247606.651369646,15240417.045772716,15248182.349540656,15234271.065082995,15246231.246179877,15247481.760057176,15245286.445056917,15244109.531230226,15248273.132309139,15249879.101456782,15238230.883962417,15236854.212883474,15251280.265542116,15252912.14844651,15246444.552246388
15800000.0,15357530.696421321,15340736.837378856,15351123.26977732,15372344.550717928,15348921.129443701,15349646.640608288,15344579.235356675,15349055.860423403,15339274.378142968,15348533.659547197,15347527.308233175,15347045.171681864,15349854.22695345,15351025.033196364,15353952.94635446,15339007.546829622,15340974.9314701,15359372.644586485,15357622.462527333,15350058.435296025
15900000.0,15456334.957705729,15442473.216125535,15450004.507411188,15468140.60047689,15450779.7122126,15448949.379216315,15446134.349775912,15447470.682612112,15442121.932094667,15448155.433918577,15445411.572332665,15446364.483975712,15452156.992169064,15450772.571704322,15454478.861880433,15438276.141901335,15442881.239453698,15462532.870885028,15458290.316765476,15450599.923728311
16000000.0,15552061.439695084,15541663.759263372,15546336.66340015,15560809.610063417,15549250.717290936,15545683.19180511,15544824.483242447,15543681.32138489,15542221.522410385,15545196.136309016,15541410.685277212,15543339.463240154,15550827.76224284,15547672.043693092,15551614.290225985,15535937.42650978,15542163.899288358,15560818.74451807,15555179.830307513,15548102.8629833
16100000.0,15645562.837270923,15638446.33583054,15640745.609310372,15651679.498473166,15644807.716453364,15640412.724133627,15640952.938119654,15638253.344089543,15639596.017001625,15640172.353265611,15636053.416091837,15638442.047766637,15646369.409972487,15642328.053097975,15646061.40478326,15632184.325230097,15638962.972960994,15655148.978295304,15649136.686773468,15643117.938996099
16200000.0,15737814.401822684,15733339.746574964,15734008.578671522,15741956.565651152,15738289.960670523,15733887.101469336,15735182.322646745,15731876.770132838,15734738.514223333,15733810.369953414,15729958.24517221,15732336.265380545,15739677.555041132,15735555.761943443,15738772.71946988,15727405.303157613,15733812.189726148,15746824.625510413,15741245.747936774,15736464.380945148
16300000.0,15829700.644131467,15827047.881724423,15826867.302549088,15832545.249848727,15830640.747267686,15826849.846885042,15828312.85738298,15825201.459401565,15828395.338804998,15826853.881506328,15823689.254437212,15825702.568056481,15831757.848468687,15828171.394705487,15830704.023614982,15822065.057048177,15827435.88316933,15837166.97495835,15832563.256261837,15829002.970686685
16400000.0,15921866.78826491,15920278.213041268,15919888.20226948,15923938.156870492,15922704.266782451,15919892.862349175,15921094.791192597,15918712.40624994,15921358.665802341,15919913.238448692,15917647.80501651,15919097.563147243,15923511.186727108,15920833.678475564,15922634.951306615,15916592.208486335,15920562.199740028,15927284.12270876,15923931.8070626,15921461.543367397
16500000.0,16014631.506004807,16013598.87896174,16013375.226801915,16016178.891131636,16015083.792772176,16013361.111399174,16014089.665958658,16012653.903868845,16014300.956709815,16013363.98298066,16012010.838521637,16012859.34074414,16015585.684381409,16013939.578721795,16015051.71870766,16011292.057688521,16013776.793138446,16017925.52054972,16015862.99002645,16014316.127844628
16600000.0,16107970.697739253,16107343.363440393,16107345.283493567,16108923.10882197,16108060.306319349,16107317.164157664,16107585.462797463,16107013.461955184,16107659.091907559,16107303.330302486,16106726.740062399,16107068.234212883,16108290.908080356,16107581.68822345,16108094.658160212,16106296.942683415,16107425.209301159,16109404.19805667,16108487.807855003,16107732.400976114
16700000.0,16201586.522340514,16201573.030796945,16201577.081654122,16201608.916448304,16201582.636720533,16201576.900742628,16201576.2296363,16201573.792632407,16201576.147929253,16201576.091898128,16201573.955781877,16201573.501663022,16201584.849731859,16201579.874846395,16201585.006859338,16201563.78542658,16201573.914003082,16201600.270068305,16201591.466583548,16201580.17183624
16800000.0,16295056.542071002,16296109.013041334,16295729.107374119,16293699.084106222,16295342.098429512,16295815.48730092,16295817.309043359,16296025.243025612,16295914.314721884,16295871.477056237,16296270.7295649,16296085.639127608,16295148.572211998,16295589.270716522,16295138.282648947,16296921.336395534,16296041.894295532,16294069.002621152,16294741.699980944,16295527.824930744
16900000.0,16388023.14964299,16390632.942950103,16389495.691501178,16384914.754911797,16388923.546461968,16389717.426422235,16389950.569445496,16390107.509096725,16390345.296725525,16389868.178612636,16390603.966824932,16390311.768816043,16388542.533605248,16389259.693492407,16388341.599782461,16392156.089695225,16390502.957986781,16386246.515684059,16387485.325054018,16389198.50643364
17000000.0,16480361.764362581,16484831.544385877,16482751.517897347,16475385.755643817,16481991.00633758,16483123.61137975,16483665.91851338,16483735.57773009,16484499.843169136,16483382.87190295,16484536.362425039,16484092.129715193,16481402.195983993,16482396.81423249,16480940.344056726,16487111.458633788,16484633.69807757,16477695.517796474,16479551.765672496,16482341.043983256
17100000.0,16572278.026049998,16578539.593207585,16575640.82672884,16565690.650013244,16574447.460533703,16576129.840544125,16576847.248436444,16577072.511760259,16578130.732220542,16576475.535470167,16578260.967729514,16577495.162463311,16573608.973687237,16575074.474026592,16572974.418692747,16581769.195507478,16578260.574234756,16568308.620641414,16570998.224503081,16574960.78446331
17200000.0,16664318.147505637,16671836.589086,16668592.644371575,16656803.808339305,16666522.442070752,16669113.798458695,16669659.011703376,16670534.232480926,16671236.513986237,16669485.389403516,16672192.950291228,16670847.498124165,16665386.386513518,16667671.35136443,16664830.805525841,16676289.476693558,16671460.020388208,16658413.070141643,16662263.044437341,16667375.991171703
17300000.0,16757303.105956422,16765073.888529425,16762266.679372918,16749972.833155574,16758774.475472732,16762691.941094082,16762556.503268769,16764731.127491556,16764113.02024426,16762996.246393004,16766904.467427196,16764697.69682744,16757307.148012372,16760832.740264118,16757212.83746437,16771000.942865532,16764587.500849703,16748771.436897766,16754131.347931081,16760195.574985515
17400000.0,16852199.913285147,16858833.078425843,16857441.82121615,16846522.02111631,16852019.67206371,16857617.89271795,16856226.254579276,16860357.665356137,16857328.5354988,16857742.35586382,16863013.624926962,16859724.015631057,16850223.51521557,16855369.945376717,16851041.143869136,16866344.70504254,16858236.33570959,16840501.849275973,16847630.46986698,16854230.417476133
17500000.0,16949930.125735193,16953827.305918638,16954854.47649713,16947547.116113886,16947198.997926958,16954630.824339207,16951468.956558965,16958039.087725505,16951634.929294955,16954464.038897198,16961038.38867396,16956596.13413313,16945134.26121007,16952105.130234092,16947293.20236803,16962782.43526541,16953138.321393885,16934930.537705492,16943859.417870324,16950347.784781124
17600000.0,17051111.87806981,17050755.49951486,17054994.34194388,17053483.48737983,17045184.74447598,17054260.93921219,17049031.541716043,17058148.199007124,17047826.00407699,17053720.10040153,17061233.264694452,17055800.68467612,17042986.83299171,17051664.6631489,17046776.154042285,17060681.551567737,17050015.87124931,17033355.207347464,17043738.37840534,17049270.350024536
17700000.0,17155766.68309927,17150118.731071237,17157889.04521784,17163654.1409795,17146526.181748234,17156617.939367995,17149395.88425939,17160628.08031519,17146548.864509545,17155679.28651253,17163448.10218888,17157455.551613115,17144409.10226557,17154241.278340034,17149840.24812326,17160196.898621395,17149393.95171603,17136678.43320295,17147676.687464096,17151331.52671203
17800000.0,17263105.399987064,17252024.725318823,17262957.86885893,17276109.93263871,17251172.218797527,17261232.378747992,17252558.03201944,17264893.314333715,17248084.576010674,17259953.500640653,17267074.24300785,17261171.980700865,17249403.20473676,17259396.141028337,17256102.80182983,17261180.65446881,17251396.938366085,17244926.39202886,17255236.28253611,17256245.253160335
17900000.0,17371575.509271417,17356044.49090131,17369047.855923515,17388094.944546238,17358288.039762598,17367057.375429373,17357884.090238348,17369895.585275054,17352153.667206205,17365575.453775562,17371139.735479068,17366051.67153797,17357124.266353935,17366026.55815855,17364343.840182923,17363162.002564102,17355595.696503658,17356849.532413535,17364993.29226337,17363014.244451456
18000000.0,17479267.513651703,17461215.790381,17474710.105133347,17497026.71789469,17466334.66625555,17472701.21040999,17464161.231564056,17474379.826980036,17457851.778860796,17471199.08127821,17474552.661341008,17470876.832315803,17465939.02133178,17472600.1971438,17472741.48332393,17465427.367048178,17461004.89262517,17469991.788999595,17474821.76460609,17470105.9898005
